﻿{"frames":{"bg_lose_wait.png":{"frame":{"x":0,"y":0,"w":428,"h":203,"idx":0},"rotated":false,"trimed":false,"spriteSourceSize":{"x":0,"y":0,"w":428,"h":203},"sourceSize":{"w":428,"h":203}},"bg_win_wait.png":{"frame":{"x":430,"y":0,"w":428,"h":203,"idx":0},"rotated":false,"trimed":false,"spriteSourceSize":{"x":0,"y":0,"w":428,"h":203},"sourceSize":{"w":428,"h":203}},"btns_txt_bank.png":{"frame":{"x":860,"y":0,"w":186,"h":20,"idx":0},"rotated":false,"trimed":false,"spriteSourceSize":{"x":0,"y":0,"w":186,"h":20},"sourceSize":{"w":186,"h":20}},"btns_txt_big.png":{"frame":{"x":1048,"y":0,"w":148,"h":25,"idx":0},"rotated":false,"trimed":false,"spriteSourceSize":{"x":0,"y":0,"w":148,"h":25},"sourceSize":{"w":148,"h":25}},"btns_txt_blongbao.png":{"frame":{"x":860,"y":22,"w":142,"h":24,"idx":0},"rotated":false,"trimed":false,"spriteSourceSize":{"x":0,"y":0,"w":142,"h":24},"sourceSize":{"w":142,"h":24}},"btns_txt_bpair.png":{"frame":{"x":1198,"y":0,"w":186,"h":20,"idx":0},"rotated":false,"trimed":false,"spriteSourceSize":{"x":0,"y":0,"w":186,"h":20},"sourceSize":{"w":186,"h":20}},"btns_txt_player.png":{"frame":{"x":1386,"y":0,"w":197,"h":20,"idx":0},"rotated":false,"trimed":false,"spriteSourceSize":{"x":0,"y":0,"w":197,"h":20},"sourceSize":{"w":197,"h":20}},"btns_txt_plongbao.png":{"frame":{"x":1585,"y":0,"w":140,"h":23,"idx":0},"rotated":false,"trimed":false,"spriteSourceSize":{"x":0,"y":0,"w":140,"h":23},"sourceSize":{"w":140,"h":23}},"btns_txt_ppair.png":{"frame":{"x":1727,"y":0,"w":185,"h":19,"idx":0},"rotated":false,"trimed":false,"spriteSourceSize":{"x":0,"y":0,"w":185,"h":19},"sourceSize":{"w":185,"h":19}},"btns_txt_small.png":{"frame":{"x":1727,"y":21,"w":147,"h":23,"idx":0},"rotated":false,"trimed":false,"spriteSourceSize":{"x":0,"y":0,"w":147,"h":23},"sourceSize":{"w":147,"h":23}},"btns_txt_super6.png":{"frame":{"x":1914,"y":0,"w":98,"h":12,"idx":0},"rotated":false,"trimed":false,"spriteSourceSize":{"x":0,"y":0,"w":98,"h":12},"sourceSize":{"w":98,"h":12}},"btns_txt_tie.png":{"frame":{"x":1914,"y":14,"w":107,"h":12,"idx":0},"rotated":false,"trimed":false,"spriteSourceSize":{"x":0,"y":0,"w":107,"h":12},"sourceSize":{"w":107,"h":12}},"btn_add.png":{"frame":{"x":1876,"y":28,"w":45,"h":45,"idx":0},"rotated":false,"trimed":false,"spriteSourceSize":{"x":0,"y":0,"w":45,"h":45},"sourceSize":{"w":45,"h":45}},"btn_cancel.png":{"frame":{"x":1923,"y":28,"w":59,"h":48,"idx":0},"rotated":false,"trimed":false,"spriteSourceSize":{"x":0,"y":0,"w":59,"h":48},"sourceSize":{"w":59,"h":48}},"btn_cancelOne_4.png":{"frame":{"x":1198,"y":22,"w":102,"h":40,"idx":0},"rotated":false,"trimed":false,"spriteSourceSize":{"x":0,"y":0,"w":102,"h":40},"sourceSize":{"w":102,"h":40}},"btn_caozuoyanshi.png":{"frame":{"x":1302,"y":22,"w":216,"h":60,"idx":0},"rotated":false,"trimed":false,"spriteSourceSize":{"x":0,"y":0,"w":216,"h":60},"sourceSize":{"w":216,"h":60}},"btn_chip_1.png":{"frame":{"x":1520,"y":22,"w":52,"h":165,"idx":0},"rotated":false,"trimed":false,"spriteSourceSize":{"x":0,"y":0,"w":52,"h":165},"sourceSize":{"w":52,"h":165}},"btn_chip_10.png":{"frame":{"x":1984,"y":28,"w":52,"h":165,"idx":0},"rotated":false,"trimed":false,"spriteSourceSize":{"x":0,"y":0,"w":52,"h":165},"sourceSize":{"w":52,"h":165}},"btn_chip_100.png":{"frame":{"x":1574,"y":25,"w":52,"h":165,"idx":0},"rotated":false,"trimed":false,"spriteSourceSize":{"x":0,"y":0,"w":52,"h":165},"sourceSize":{"w":52,"h":165}},"btn_chip_1000.png":{"frame":{"x":1628,"y":25,"w":52,"h":165,"idx":0},"rotated":false,"trimed":false,"spriteSourceSize":{"x":0,"y":0,"w":52,"h":165},"sourceSize":{"w":52,"h":165}},"btn_chip_10000.png":{"frame":{"x":1682,"y":46,"w":52,"h":165,"idx":0},"rotated":false,"trimed":false,"spriteSourceSize":{"x":0,"y":0,"w":52,"h":165},"sourceSize":{"w":52,"h":165}},"btn_chip_5.png":{"frame":{"x":1736,"y":46,"w":52,"h":165,"idx":0},"rotated":false,"trimed":false,"spriteSourceSize":{"x":0,"y":0,"w":52,"h":165},"sourceSize":{"w":52,"h":165}},"btn_chip_50.png":{"frame":{"x":1790,"y":46,"w":52,"h":165,"idx":0},"rotated":false,"trimed":false,"spriteSourceSize":{"x":0,"y":0,"w":52,"h":165},"sourceSize":{"w":52,"h":165}},"btn_chip_500.png":{"frame":{"x":1844,"y":75,"w":52,"h":165,"idx":0},"rotated":false,"trimed":false,"spriteSourceSize":{"x":0,"y":0,"w":52,"h":165},"sourceSize":{"w":52,"h":165}},"btn_chip_5000.png":{"frame":{"x":1898,"y":78,"w":52,"h":165,"idx":0},"rotated":false,"trimed":false,"spriteSourceSize":{"x":0,"y":0,"w":52,"h":165},"sourceSize":{"w":52,"h":165}},"btn_chip_50000.png":{"frame":{"x":1952,"y":195,"w":52,"h":165,"idx":0},"rotated":false,"trimed":false,"spriteSourceSize":{"x":0,"y":0,"w":52,"h":165},"sourceSize":{"w":52,"h":165}},"btn_close.png":{"frame":{"x":1004,"y":27,"w":46,"h":46,"idx":0},"rotated":false,"trimed":false,"spriteSourceSize":{"x":0,"y":0,"w":46,"h":46},"sourceSize":{"w":46,"h":46}},"btn_comite_4.png":{"frame":{"x":860,"y":48,"w":102,"h":40,"idx":0},"rotated":false,"trimed":false,"spriteSourceSize":{"x":0,"y":0,"w":102,"h":40},"sourceSize":{"w":102,"h":40}},"btn_complete.png":{"frame":{"x":1052,"y":27,"w":118,"h":42,"idx":0},"rotated":false,"trimed":false,"spriteSourceSize":{"x":0,"y":0,"w":118,"h":42},"sourceSize":{"w":118,"h":42}},"btn_fanbei_4.png":{"frame":{"x":1172,"y":64,"w":102,"h":40,"idx":0},"rotated":false,"trimed":false,"spriteSourceSize":{"x":0,"y":0,"w":102,"h":40},"sourceSize":{"w":102,"h":40}},"btn_green.png":{"frame":{"x":1052,"y":71,"w":110,"h":177,"idx":0},"rotated":false,"trimed":false,"spriteSourceSize":{"x":0,"y":0,"w":110,"h":177},"sourceSize":{"w":110,"h":177}},"btn_history.png":{"frame":{"x":860,"y":90,"w":170,"h":100,"idx":0},"rotated":false,"trimed":false,"spriteSourceSize":{"x":0,"y":0,"w":170,"h":100},"sourceSize":{"w":170,"h":100}},"btn_limit.png":{"frame":{"x":860,"y":192,"w":169,"h":84,"idx":0},"rotated":false,"trimed":false,"spriteSourceSize":{"x":0,"y":0,"w":169,"h":84},"sourceSize":{"w":169,"h":84}},"btn_menu_off.png":{"frame":{"x":1276,"y":84,"w":143,"h":26,"idx":0},"rotated":false,"trimed":false,"spriteSourceSize":{"x":0,"y":0,"w":143,"h":26},"sourceSize":{"w":143,"h":26}},"btn_menu_open.png":{"frame":{"x":1164,"y":112,"w":143,"h":26,"idx":0},"rotated":false,"trimed":false,"spriteSourceSize":{"x":0,"y":0,"w":143,"h":26},"sourceSize":{"w":143,"h":26}},"btn_newplayer.png":{"frame":{"x":1309,"y":112,"w":132,"h":87,"idx":0},"rotated":false,"trimed":false,"spriteSourceSize":{"x":0,"y":0,"w":132,"h":87},"sourceSize":{"w":132,"h":87}},"btn_pageEnd.png":{"frame":{"x":1443,"y":189,"w":104,"h":64,"idx":0},"rotated":false,"trimed":false,"spriteSourceSize":{"x":0,"y":0,"w":104,"h":64},"sourceSize":{"w":104,"h":64}},"btn_pageHome.png":{"frame":{"x":1549,"y":192,"w":104,"h":64,"idx":0},"rotated":false,"trimed":false,"spriteSourceSize":{"x":0,"y":0,"w":104,"h":64},"sourceSize":{"w":104,"h":64}},"btn_pageNext.png":{"frame":{"x":1164,"y":140,"w":104,"h":64,"idx":0},"rotated":false,"trimed":false,"spriteSourceSize":{"x":0,"y":0,"w":104,"h":64},"sourceSize":{"w":104,"h":64}},"btn_pagePrevious.png":{"frame":{"x":1270,"y":201,"w":104,"h":64,"idx":0},"rotated":false,"trimed":false,"spriteSourceSize":{"x":0,"y":0,"w":104,"h":64},"sourceSize":{"w":104,"h":64}},"btn_queding2.png":{"frame":{"x":1376,"y":255,"w":118,"h":42,"idx":0},"rotated":false,"trimed":false,"spriteSourceSize":{"x":0,"y":0,"w":118,"h":42},"sourceSize":{"w":118,"h":42}},"btn_quit.png":{"frame":{"x":1655,"y":213,"w":132,"h":87,"idx":0},"rotated":false,"trimed":false,"spriteSourceSize":{"x":0,"y":0,"w":132,"h":87},"sourceSize":{"w":132,"h":87}},"btn_quxiao2.png":{"frame":{"x":1496,"y":258,"w":118,"h":42,"idx":0},"rotated":false,"trimed":false,"spriteSourceSize":{"x":0,"y":0,"w":118,"h":42},"sourceSize":{"w":118,"h":42}},"btn_rebet_4.png":{"frame":{"x":1789,"y":242,"w":102,"h":40,"idx":0},"rotated":false,"trimed":false,"spriteSourceSize":{"x":0,"y":0,"w":102,"h":40},"sourceSize":{"w":102,"h":40}},"btn_record.png":{"frame":{"x":1789,"y":284,"w":132,"h":87,"idx":0},"rotated":false,"trimed":false,"spriteSourceSize":{"x":0,"y":0,"w":132,"h":87},"sourceSize":{"w":132,"h":87}},"btn_reduce.png":{"frame":{"x":1376,"y":201,"w":45,"h":45,"idx":0},"rotated":false,"trimed":false,"spriteSourceSize":{"x":0,"y":0,"w":45,"h":45},"sourceSize":{"w":45,"h":45}},"btn_rule.png":{"frame":{"x":1031,"y":250,"w":132,"h":87,"idx":0},"rotated":false,"trimed":false,"spriteSourceSize":{"x":0,"y":0,"w":132,"h":87},"sourceSize":{"w":132,"h":87}},"btn_set.png":{"frame":{"x":1165,"y":267,"w":132,"h":87,"idx":0},"rotated":false,"trimed":false,"spriteSourceSize":{"x":0,"y":0,"w":132,"h":87},"sourceSize":{"w":132,"h":87}},"btn_setting.png":{"frame":{"x":1923,"y":362,"w":125,"h":100,"idx":0},"rotated":false,"trimed":false,"spriteSourceSize":{"x":0,"y":0,"w":125,"h":100},"sourceSize":{"w":125,"h":100}},"ButtonWithImg_banker.png":{"frame":{"x":1299,"y":302,"w":216,"h":429,"idx":0},"rotated":false,"trimed":false,"spriteSourceSize":{"x":0,"y":0,"w":216,"h":429},"sourceSize":{"w":216,"h":429}},"ButtonWithImg_big.png":{"frame":{"x":1517,"y":302,"w":161,"h":240,"idx":0},"rotated":false,"trimed":false,"spriteSourceSize":{"x":0,"y":0,"w":161,"h":240},"sourceSize":{"w":161,"h":240}},"ButtonWithImg_blongbao.png":{"frame":{"x":1680,"y":373,"w":153,"h":222,"idx":0},"rotated":false,"trimed":false,"spriteSourceSize":{"x":0,"y":0,"w":153,"h":222},"sourceSize":{"w":153,"h":222}},"ButtonWithImg_bpair.png":{"frame":{"x":1835,"y":464,"w":193,"h":219,"idx":0},"rotated":false,"trimed":false,"spriteSourceSize":{"x":0,"y":0,"w":193,"h":219},"sourceSize":{"w":193,"h":219}},"ButtonWithImg_cancelOne.png":{"frame":{"x":1517,"y":544,"w":102,"h":119,"idx":0},"rotated":false,"trimed":false,"spriteSourceSize":{"x":0,"y":0,"w":102,"h":119},"sourceSize":{"w":102,"h":119}},"ButtonWithImg_comite.png":{"frame":{"x":1621,"y":597,"w":102,"h":119,"idx":0},"rotated":false,"trimed":false,"spriteSourceSize":{"x":0,"y":0,"w":102,"h":119},"sourceSize":{"w":102,"h":119}},"ButtonWithImg_fanbei.png":{"frame":{"x":1517,"y":665,"w":102,"h":119,"idx":0},"rotated":false,"trimed":false,"spriteSourceSize":{"x":0,"y":0,"w":102,"h":119},"sourceSize":{"w":102,"h":119}},"ButtonWithImg_player.png":{"frame":{"x":0,"y":205,"w":217,"h":429,"idx":0},"rotated":false,"trimed":false,"spriteSourceSize":{"x":0,"y":0,"w":217,"h":429},"sourceSize":{"w":217,"h":429}},"ButtonWithImg_plongbao.png":{"frame":{"x":1725,"y":685,"w":152,"h":222,"idx":0},"rotated":false,"trimed":false,"spriteSourceSize":{"x":0,"y":0,"w":152,"h":222},"sourceSize":{"w":152,"h":222}},"ButtonWithImg_ppair.png":{"frame":{"x":0,"y":786,"w":193,"h":219,"idx":0},"rotated":false,"trimed":false,"spriteSourceSize":{"x":0,"y":0,"w":193,"h":219},"sourceSize":{"w":193,"h":219}},"ButtonWithImg_rebet.png":{"frame":{"x":1621,"y":718,"w":102,"h":119,"idx":0},"rotated":false,"trimed":false,"spriteSourceSize":{"x":0,"y":0,"w":102,"h":119},"sourceSize":{"w":102,"h":119}},"ButtonWithImg_small.png":{"frame":{"x":1879,"y":685,"w":160,"h":240,"idx":0},"rotated":false,"trimed":false,"spriteSourceSize":{"x":0,"y":0,"w":160,"h":240},"sourceSize":{"w":160,"h":240}},"ButtonWithImg_super6.png":{"frame":{"x":195,"y":786,"w":102,"h":198,"idx":0},"rotated":false,"trimed":false,"spriteSourceSize":{"x":0,"y":0,"w":102,"h":198},"sourceSize":{"w":102,"h":198}},"ButtonWithImg_tie.png":{"frame":{"x":219,"y":205,"w":114,"h":408,"idx":0},"rotated":false,"trimed":false,"spriteSourceSize":{"x":0,"y":0,"w":114,"h":408},"sourceSize":{"w":114,"h":408}},"clip_num.png":{"frame":{"x":195,"y":986,"w":230,"h":25,"idx":0},"rotated":false,"trimed":false,"spriteSourceSize":{"x":0,"y":0,"w":230,"h":25},"sourceSize":{"w":230,"h":25}},"countdown.png":{"frame":{"x":427,"y":927,"w":94,"h":94,"idx":0},"rotated":false,"trimed":false,"spriteSourceSize":{"x":0,"y":0,"w":94,"h":94},"sourceSize":{"w":94,"h":94}},"hslider$bar.png":{"frame":{"x":2006,"y":195,"w":42,"h":158,"idx":0},"rotated":false,"trimed":false,"spriteSourceSize":{"x":0,"y":0,"w":42,"h":158},"sourceSize":{"w":42,"h":158}},"hslider.png":{"frame":{"x":299,"y":909,"w":358,"h":15,"idx":0},"rotated":false,"trimed":false,"spriteSourceSize":{"x":0,"y":0,"w":358,"h":15},"sourceSize":{"w":358,"h":15}},"imagefont_countdown.png":{"frame":{"x":0,"y":733,"w":240,"h":32,"idx":0},"rotated":false,"trimed":false,"spriteSourceSize":{"x":0,"y":0,"w":240,"h":32},"sourceSize":{"w":240,"h":32}},"imgHolder_left_0.png":{"frame":{"x":659,"y":205,"w":138,"h":146,"idx":0},"rotated":false,"trimed":false,"spriteSourceSize":{"x":0,"y":0,"w":138,"h":146},"sourceSize":{"w":138,"h":146}},"imgHolder_left_1.png":{"frame":{"x":799,"y":278,"w":138,"h":146,"idx":0},"rotated":false,"trimed":false,"spriteSourceSize":{"x":0,"y":0,"w":138,"h":146},"sourceSize":{"w":138,"h":146}},"img_all_money_big.png":{"frame":{"x":0,"y":1007,"w":188,"h":11,"idx":0},"rotated":false,"trimed":false,"spriteSourceSize":{"x":0,"y":0,"w":188,"h":11},"sourceSize":{"w":188,"h":11}},"img_all_money_small.png":{"frame":{"x":1421,"y":84,"w":88,"h":11,"idx":0},"rotated":false,"trimed":false,"spriteSourceSize":{"x":0,"y":0,"w":88,"h":11},"sourceSize":{"w":88,"h":11}},"img_baccarat_poker_back.jpg":{"frame":{"x":939,"y":278,"w":65,"h":91,"idx":0},"rotated":false,"trimed":false,"spriteSourceSize":{"x":0,"y":0,"w":65,"h":91},"sourceSize":{"w":65,"h":91}},"img_baccarat_poker_back2.jpg":{"frame":{"x":659,"y":353,"w":65,"h":91,"idx":0},"rotated":false,"trimed":false,"spriteSourceSize":{"x":0,"y":0,"w":65,"h":91},"sourceSize":{"w":65,"h":91}},"img_baccarat_small_poker_0.jpg":{"frame":{"x":1172,"y":27,"w":21,"h":29,"idx":0},"rotated":false,"trimed":false,"spriteSourceSize":{"x":0,"y":0,"w":21,"h":29},"sourceSize":{"w":21,"h":29}},"img_baccarat_small_poker_1.jpg":{"frame":{"x":964,"y":48,"w":21,"h":29,"idx":0},"rotated":false,"trimed":false,"spriteSourceSize":{"x":0,"y":0,"w":21,"h":29},"sourceSize":{"w":21,"h":29}},"img_baccarat_small_poker_10.jpg":{"frame":{"x":1616,"y":258,"w":21,"h":29,"idx":0},"rotated":false,"trimed":false,"spriteSourceSize":{"x":0,"y":0,"w":21,"h":29},"sourceSize":{"w":21,"h":29}},"img_baccarat_small_poker_11.jpg":{"frame":{"x":1893,"y":245,"w":21,"h":29,"idx":0},"rotated":false,"trimed":false,"spriteSourceSize":{"x":0,"y":0,"w":21,"h":29},"sourceSize":{"w":21,"h":29}},"img_baccarat_small_poker_12.jpg":{"frame":{"x":1916,"y":245,"w":21,"h":29,"idx":0},"rotated":false,"trimed":false,"spriteSourceSize":{"x":0,"y":0,"w":21,"h":29},"sourceSize":{"w":21,"h":29}},"img_baccarat_small_poker_13.jpg":{"frame":{"x":1270,"y":140,"w":21,"h":29,"idx":0},"rotated":false,"trimed":false,"spriteSourceSize":{"x":0,"y":0,"w":21,"h":29},"sourceSize":{"w":21,"h":29}},"img_baccarat_small_poker_14.jpg":{"frame":{"x":1923,"y":276,"w":21,"h":29,"idx":0},"rotated":false,"trimed":false,"spriteSourceSize":{"x":0,"y":0,"w":21,"h":29},"sourceSize":{"w":21,"h":29}},"img_baccarat_small_poker_15.jpg":{"frame":{"x":1923,"y":307,"w":21,"h":29,"idx":0},"rotated":false,"trimed":false,"spriteSourceSize":{"x":0,"y":0,"w":21,"h":29},"sourceSize":{"w":21,"h":29}},"img_baccarat_small_poker_16.jpg":{"frame":{"x":1299,"y":267,"w":21,"h":29,"idx":0},"rotated":false,"trimed":false,"spriteSourceSize":{"x":0,"y":0,"w":21,"h":29},"sourceSize":{"w":21,"h":29}},"img_baccarat_small_poker_17.jpg":{"frame":{"x":1322,"y":267,"w":21,"h":29,"idx":0},"rotated":false,"trimed":false,"spriteSourceSize":{"x":0,"y":0,"w":21,"h":29},"sourceSize":{"w":21,"h":29}},"img_baccarat_small_poker_18.jpg":{"frame":{"x":1345,"y":267,"w":21,"h":29,"idx":0},"rotated":false,"trimed":false,"spriteSourceSize":{"x":0,"y":0,"w":21,"h":29},"sourceSize":{"w":21,"h":29}},"img_baccarat_small_poker_19.jpg":{"frame":{"x":1621,"y":544,"w":21,"h":29,"idx":0},"rotated":false,"trimed":false,"spriteSourceSize":{"x":0,"y":0,"w":21,"h":29},"sourceSize":{"w":21,"h":29}},"img_baccarat_small_poker_2.jpg":{"frame":{"x":1644,"y":544,"w":21,"h":29,"idx":0},"rotated":false,"trimed":false,"spriteSourceSize":{"x":0,"y":0,"w":21,"h":29},"sourceSize":{"w":21,"h":29}},"img_baccarat_small_poker_20.jpg":{"frame":{"x":1952,"y":78,"w":21,"h":29,"idx":0},"rotated":false,"trimed":false,"spriteSourceSize":{"x":0,"y":0,"w":21,"h":29},"sourceSize":{"w":21,"h":29}},"img_baccarat_small_poker_21.jpg":{"frame":{"x":1952,"y":109,"w":21,"h":29,"idx":0},"rotated":false,"trimed":false,"spriteSourceSize":{"x":0,"y":0,"w":21,"h":29},"sourceSize":{"w":21,"h":29}},"img_baccarat_small_poker_22.jpg":{"frame":{"x":1952,"y":140,"w":21,"h":29,"idx":0},"rotated":false,"trimed":false,"spriteSourceSize":{"x":0,"y":0,"w":21,"h":29},"sourceSize":{"w":21,"h":29}},"img_baccarat_small_poker_23.jpg":{"frame":{"x":799,"y":205,"w":21,"h":29,"idx":0},"rotated":false,"trimed":false,"spriteSourceSize":{"x":0,"y":0,"w":21,"h":29},"sourceSize":{"w":21,"h":29}},"img_baccarat_small_poker_24.jpg":{"frame":{"x":799,"y":236,"w":21,"h":29,"idx":0},"rotated":false,"trimed":false,"spriteSourceSize":{"x":0,"y":0,"w":21,"h":29},"sourceSize":{"w":21,"h":29}},"img_baccarat_small_poker_25.jpg":{"frame":{"x":822,"y":205,"w":21,"h":29,"idx":0},"rotated":false,"trimed":false,"spriteSourceSize":{"x":0,"y":0,"w":21,"h":29},"sourceSize":{"w":21,"h":29}},"img_baccarat_small_poker_26.jpg":{"frame":{"x":822,"y":236,"w":21,"h":29,"idx":0},"rotated":false,"trimed":false,"spriteSourceSize":{"x":0,"y":0,"w":21,"h":29},"sourceSize":{"w":21,"h":29}},"img_baccarat_small_poker_27.jpg":{"frame":{"x":1164,"y":206,"w":21,"h":29,"idx":0},"rotated":false,"trimed":false,"spriteSourceSize":{"x":0,"y":0,"w":21,"h":29},"sourceSize":{"w":21,"h":29}},"img_baccarat_small_poker_28.jpg":{"frame":{"x":1187,"y":206,"w":21,"h":29,"idx":0},"rotated":false,"trimed":false,"spriteSourceSize":{"x":0,"y":0,"w":21,"h":29},"sourceSize":{"w":21,"h":29}},"img_baccarat_small_poker_29.jpg":{"frame":{"x":1210,"y":206,"w":21,"h":29,"idx":0},"rotated":false,"trimed":false,"spriteSourceSize":{"x":0,"y":0,"w":21,"h":29},"sourceSize":{"w":21,"h":29}},"img_baccarat_small_poker_3.jpg":{"frame":{"x":1233,"y":206,"w":21,"h":29,"idx":0},"rotated":false,"trimed":false,"spriteSourceSize":{"x":0,"y":0,"w":21,"h":29},"sourceSize":{"w":21,"h":29}},"img_baccarat_small_poker_30.jpg":{"frame":{"x":1443,"y":97,"w":21,"h":29,"idx":0},"rotated":false,"trimed":false,"spriteSourceSize":{"x":0,"y":0,"w":21,"h":29},"sourceSize":{"w":21,"h":29}},"img_baccarat_small_poker_31.jpg":{"frame":{"x":1443,"y":128,"w":21,"h":29,"idx":0},"rotated":false,"trimed":false,"spriteSourceSize":{"x":0,"y":0,"w":21,"h":29},"sourceSize":{"w":21,"h":29}},"img_baccarat_small_poker_32.jpg":{"frame":{"x":1466,"y":97,"w":21,"h":29,"idx":0},"rotated":false,"trimed":false,"spriteSourceSize":{"x":0,"y":0,"w":21,"h":29},"sourceSize":{"w":21,"h":29}},"img_baccarat_small_poker_33.jpg":{"frame":{"x":1489,"y":97,"w":21,"h":29,"idx":0},"rotated":false,"trimed":false,"spriteSourceSize":{"x":0,"y":0,"w":21,"h":29},"sourceSize":{"w":21,"h":29}},"img_baccarat_small_poker_34.jpg":{"frame":{"x":1466,"y":128,"w":21,"h":29,"idx":0},"rotated":false,"trimed":false,"spriteSourceSize":{"x":0,"y":0,"w":21,"h":29},"sourceSize":{"w":21,"h":29}},"img_baccarat_small_poker_35.jpg":{"frame":{"x":1489,"y":128,"w":21,"h":29,"idx":0},"rotated":false,"trimed":false,"spriteSourceSize":{"x":0,"y":0,"w":21,"h":29},"sourceSize":{"w":21,"h":29}},"img_baccarat_small_poker_36.jpg":{"frame":{"x":299,"y":926,"w":21,"h":29,"idx":0},"rotated":false,"trimed":false,"spriteSourceSize":{"x":0,"y":0,"w":21,"h":29},"sourceSize":{"w":21,"h":29}},"img_baccarat_small_poker_37.jpg":{"frame":{"x":322,"y":926,"w":21,"h":29,"idx":0},"rotated":false,"trimed":false,"spriteSourceSize":{"x":0,"y":0,"w":21,"h":29},"sourceSize":{"w":21,"h":29}},"img_baccarat_small_poker_38.jpg":{"frame":{"x":345,"y":926,"w":21,"h":29,"idx":0},"rotated":false,"trimed":false,"spriteSourceSize":{"x":0,"y":0,"w":21,"h":29},"sourceSize":{"w":21,"h":29}},"img_baccarat_small_poker_39.jpg":{"frame":{"x":368,"y":926,"w":21,"h":29,"idx":0},"rotated":false,"trimed":false,"spriteSourceSize":{"x":0,"y":0,"w":21,"h":29},"sourceSize":{"w":21,"h":29}},"img_baccarat_small_poker_4.jpg":{"frame":{"x":391,"y":926,"w":21,"h":29,"idx":0},"rotated":false,"trimed":false,"spriteSourceSize":{"x":0,"y":0,"w":21,"h":29},"sourceSize":{"w":21,"h":29}},"img_baccarat_small_poker_40.jpg":{"frame":{"x":1680,"y":302,"w":21,"h":29,"idx":0},"rotated":false,"trimed":false,"spriteSourceSize":{"x":0,"y":0,"w":21,"h":29},"sourceSize":{"w":21,"h":29}},"img_baccarat_small_poker_41.jpg":{"frame":{"x":1680,"y":333,"w":21,"h":29,"idx":0},"rotated":false,"trimed":false,"spriteSourceSize":{"x":0,"y":0,"w":21,"h":29},"sourceSize":{"w":21,"h":29}},"img_baccarat_small_poker_42.jpg":{"frame":{"x":1703,"y":302,"w":21,"h":29,"idx":0},"rotated":false,"trimed":false,"spriteSourceSize":{"x":0,"y":0,"w":21,"h":29},"sourceSize":{"w":21,"h":29}},"img_baccarat_small_poker_43.jpg":{"frame":{"x":1703,"y":333,"w":21,"h":29,"idx":0},"rotated":false,"trimed":false,"spriteSourceSize":{"x":0,"y":0,"w":21,"h":29},"sourceSize":{"w":21,"h":29}},"img_baccarat_small_poker_44.jpg":{"frame":{"x":1726,"y":302,"w":21,"h":29,"idx":0},"rotated":false,"trimed":false,"spriteSourceSize":{"x":0,"y":0,"w":21,"h":29},"sourceSize":{"w":21,"h":29}},"img_baccarat_small_poker_45.jpg":{"frame":{"x":1726,"y":333,"w":21,"h":29,"idx":0},"rotated":false,"trimed":false,"spriteSourceSize":{"x":0,"y":0,"w":21,"h":29},"sourceSize":{"w":21,"h":29}},"img_baccarat_small_poker_46.jpg":{"frame":{"x":1749,"y":302,"w":21,"h":29,"idx":0},"rotated":false,"trimed":false,"spriteSourceSize":{"x":0,"y":0,"w":21,"h":29},"sourceSize":{"w":21,"h":29}},"img_baccarat_small_poker_47.jpg":{"frame":{"x":1749,"y":333,"w":21,"h":29,"idx":0},"rotated":false,"trimed":false,"spriteSourceSize":{"x":0,"y":0,"w":21,"h":29},"sourceSize":{"w":21,"h":29}},"img_baccarat_small_poker_48.jpg":{"frame":{"x":1835,"y":373,"w":21,"h":29,"idx":0},"rotated":false,"trimed":false,"spriteSourceSize":{"x":0,"y":0,"w":21,"h":29},"sourceSize":{"w":21,"h":29}},"img_baccarat_small_poker_49.jpg":{"frame":{"x":1835,"y":404,"w":21,"h":29,"idx":0},"rotated":false,"trimed":false,"spriteSourceSize":{"x":0,"y":0,"w":21,"h":29},"sourceSize":{"w":21,"h":29}},"img_baccarat_small_poker_5.jpg":{"frame":{"x":1858,"y":373,"w":21,"h":29,"idx":0},"rotated":false,"trimed":false,"spriteSourceSize":{"x":0,"y":0,"w":21,"h":29},"sourceSize":{"w":21,"h":29}},"img_baccarat_small_poker_50.jpg":{"frame":{"x":1881,"y":373,"w":21,"h":29,"idx":0},"rotated":false,"trimed":false,"spriteSourceSize":{"x":0,"y":0,"w":21,"h":29},"sourceSize":{"w":21,"h":29}},"img_baccarat_small_poker_51.jpg":{"frame":{"x":1858,"y":404,"w":21,"h":29,"idx":0},"rotated":false,"trimed":false,"spriteSourceSize":{"x":0,"y":0,"w":21,"h":29},"sourceSize":{"w":21,"h":29}},"img_baccarat_small_poker_6.jpg":{"frame":{"x":1881,"y":404,"w":21,"h":29,"idx":0},"rotated":false,"trimed":false,"spriteSourceSize":{"x":0,"y":0,"w":21,"h":29},"sourceSize":{"w":21,"h":29}},"img_baccarat_small_poker_7.jpg":{"frame":{"x":1725,"y":597,"w":21,"h":29,"idx":0},"rotated":false,"trimed":false,"spriteSourceSize":{"x":0,"y":0,"w":21,"h":29},"sourceSize":{"w":21,"h":29}},"img_baccarat_small_poker_8.jpg":{"frame":{"x":1725,"y":628,"w":21,"h":29,"idx":0},"rotated":false,"trimed":false,"spriteSourceSize":{"x":0,"y":0,"w":21,"h":29},"sourceSize":{"w":21,"h":29}},"img_baccarat_small_poker_9.jpg":{"frame":{"x":1748,"y":597,"w":21,"h":29,"idx":0},"rotated":false,"trimed":false,"spriteSourceSize":{"x":0,"y":0,"w":21,"h":29},"sourceSize":{"w":21,"h":29}},"img_banker_win.png":{"frame":{"x":242,"y":615,"w":216,"h":143,"idx":0},"rotated":false,"trimed":false,"spriteSourceSize":{"x":0,"y":0,"w":216,"h":143},"sourceSize":{"w":216,"h":143}},"img_big_win.png":{"frame":{"x":0,"y":636,"w":161,"h":80,"idx":0},"rotated":false,"trimed":false,"spriteSourceSize":{"x":0,"y":0,"w":161,"h":80},"sourceSize":{"w":161,"h":80}},"img_bpair_win.png":{"frame":{"x":335,"y":205,"w":193,"h":73,"idx":0},"rotated":false,"trimed":false,"spriteSourceSize":{"x":0,"y":0,"w":193,"h":73},"sourceSize":{"w":193,"h":73}},"img_chip_1.png":{"frame":{"x":1748,"y":628,"w":52,"h":55,"idx":0},"rotated":false,"trimed":false,"spriteSourceSize":{"x":0,"y":0,"w":52,"h":55},"sourceSize":{"w":52,"h":55}},"img_chip_10.png":{"frame":{"x":163,"y":636,"w":52,"h":55,"idx":0},"rotated":false,"trimed":false,"spriteSourceSize":{"x":0,"y":0,"w":52,"h":55},"sourceSize":{"w":52,"h":55}},"img_chip_100.png":{"frame":{"x":726,"y":353,"w":52,"h":55,"idx":0},"rotated":false,"trimed":false,"spriteSourceSize":{"x":0,"y":0,"w":52,"h":55},"sourceSize":{"w":52,"h":55}},"img_chip_1000.png":{"frame":{"x":726,"y":410,"w":52,"h":55,"idx":0},"rotated":false,"trimed":false,"spriteSourceSize":{"x":0,"y":0,"w":52,"h":55},"sourceSize":{"w":52,"h":55}},"img_chip_10000.png":{"frame":{"x":659,"y":446,"w":52,"h":55,"idx":0},"rotated":false,"trimed":false,"spriteSourceSize":{"x":0,"y":0,"w":52,"h":55},"sourceSize":{"w":52,"h":55}},"img_chip_5.png":{"frame":{"x":530,"y":205,"w":52,"h":55,"idx":0},"rotated":false,"trimed":false,"spriteSourceSize":{"x":0,"y":0,"w":52,"h":55},"sourceSize":{"w":52,"h":55}},"img_chip_50.png":{"frame":{"x":584,"y":205,"w":52,"h":55,"idx":0},"rotated":false,"trimed":false,"spriteSourceSize":{"x":0,"y":0,"w":52,"h":55},"sourceSize":{"w":52,"h":55}},"img_chip_500.png":{"frame":{"x":530,"y":262,"w":52,"h":55,"idx":0},"rotated":false,"trimed":false,"spriteSourceSize":{"x":0,"y":0,"w":52,"h":55},"sourceSize":{"w":52,"h":55}},"img_chip_5000.png":{"frame":{"x":460,"y":280,"w":52,"h":55,"idx":0},"rotated":false,"trimed":false,"spriteSourceSize":{"x":0,"y":0,"w":52,"h":55},"sourceSize":{"w":52,"h":55}},"img_chip_50000.png":{"frame":{"x":335,"y":280,"w":52,"h":55,"idx":0},"rotated":false,"trimed":false,"spriteSourceSize":{"x":0,"y":0,"w":52,"h":55},"sourceSize":{"w":52,"h":55}},"img_dalu_banker.png":{"frame":{"x":1276,"y":64,"w":16,"h":16,"idx":0},"rotated":false,"trimed":false,"spriteSourceSize":{"x":0,"y":0,"w":16,"h":16},"sourceSize":{"w":16,"h":16}},"img_dalu_player.png":{"frame":{"x":1655,"y":192,"w":16,"h":16,"idx":0},"rotated":false,"trimed":false,"spriteSourceSize":{"x":0,"y":0,"w":16,"h":16},"sourceSize":{"w":16,"h":16}},"img_dayanzai_blue.png":{"frame":{"x":1421,"y":97,"w":8,"h":8,"idx":0},"rotated":false,"trimed":false,"spriteSourceSize":{"x":0,"y":0,"w":8,"h":8},"sourceSize":{"w":8,"h":8}},"img_dayanzai_red.png":{"frame":{"x":1431,"y":97,"w":8,"h":8,"idx":0},"rotated":false,"trimed":false,"spriteSourceSize":{"x":0,"y":0,"w":8,"h":8},"sourceSize":{"w":8,"h":8}},"img_history.png":{"frame":{"x":335,"y":337,"w":170,"h":43,"idx":0},"rotated":false,"trimed":false,"spriteSourceSize":{"x":0,"y":0,"w":170,"h":43},"sourceSize":{"w":170,"h":43}},"img_holder.png":{"frame":{"x":335,"y":382,"w":138,"h":147,"idx":0},"rotated":false,"trimed":false,"spriteSourceSize":{"x":0,"y":0,"w":138,"h":147},"sourceSize":{"w":138,"h":147}},"img_holder2.png":{"frame":{"x":514,"y":319,"w":138,"h":147,"idx":0},"rotated":false,"trimed":false,"spriteSourceSize":{"x":0,"y":0,"w":138,"h":147},"sourceSize":{"w":138,"h":147}},"img_hslider.png":{"frame":{"x":0,"y":767,"w":356,"h":13,"idx":0},"rotated":false,"trimed":false,"spriteSourceSize":{"x":0,"y":0,"w":356,"h":13},"sourceSize":{"w":356,"h":13}},"img_menu_back.png":{"frame":{"x":475,"y":468,"w":143,"h":225,"idx":0},"rotated":false,"trimed":false,"spriteSourceSize":{"x":0,"y":0,"w":143,"h":225},"sourceSize":{"w":143,"h":225}},"img_money.png":{"frame":{"x":389,"y":280,"w":60,"h":47,"idx":0},"rotated":false,"trimed":false,"spriteSourceSize":{"x":0,"y":0,"w":60,"h":47},"sourceSize":{"w":60,"h":47}},"img_money_bg.png":{"frame":{"x":1835,"y":435,"w":77,"h":23,"idx":0},"rotated":false,"trimed":false,"spriteSourceSize":{"x":0,"y":0,"w":77,"h":23},"sourceSize":{"w":77,"h":23}},"img_my_money_big.png":{"frame":{"x":190,"y":1013,"w":188,"h":11,"idx":0},"rotated":false,"trimed":false,"spriteSourceSize":{"x":0,"y":0,"w":188,"h":11},"sourceSize":{"w":188,"h":11}},"img_my_money_small.png":{"frame":{"x":1164,"y":237,"w":88,"h":11,"idx":0},"rotated":false,"trimed":false,"spriteSourceSize":{"x":0,"y":0,"w":88,"h":11},"sourceSize":{"w":88,"h":11}},"img_player_win.png":{"frame":{"x":358,"y":760,"w":217,"h":143,"idx":0},"rotated":false,"trimed":false,"spriteSourceSize":{"x":0,"y":0,"w":217,"h":143},"sourceSize":{"w":217,"h":143}},"img_ppair_win.png":{"frame":{"x":577,"y":786,"w":193,"h":73,"idx":0},"rotated":false,"trimed":false,"spriteSourceSize":{"x":0,"y":0,"w":193,"h":73},"sourceSize":{"w":193,"h":73}},"img_rule.png":{"frame":{"x":577,"y":733,"w":170,"h":43,"idx":0},"rotated":false,"trimed":false,"spriteSourceSize":{"x":0,"y":0,"w":170,"h":43},"sourceSize":{"w":170,"h":43}},"img_setting.png":{"frame":{"x":749,"y":733,"w":170,"h":43,"idx":0},"rotated":false,"trimed":false,"spriteSourceSize":{"x":0,"y":0,"w":170,"h":43},"sourceSize":{"w":170,"h":43}},"img_small_win.png":{"frame":{"x":523,"y":926,"w":160,"h":80,"idx":0},"rotated":false,"trimed":false,"spriteSourceSize":{"x":0,"y":0,"w":160,"h":80},"sourceSize":{"w":160,"h":80}},"img_super6_win.png":{"frame":{"x":335,"y":531,"w":102,"h":67,"idx":0},"rotated":false,"trimed":false,"spriteSourceSize":{"x":0,"y":0,"w":102,"h":67},"sourceSize":{"w":102,"h":67}},"img_tie_win.png":{"frame":{"x":1006,"y":339,"w":114,"h":138,"idx":0},"rotated":false,"trimed":false,"spriteSourceSize":{"x":0,"y":0,"w":114,"h":138},"sourceSize":{"w":114,"h":138}},"img_xianLongbao_win.png":{"frame":{"x":780,"y":426,"w":152,"h":74,"idx":0},"rotated":false,"trimed":false,"spriteSourceSize":{"x":0,"y":0,"w":152,"h":74},"sourceSize":{"w":152,"h":74}},"img_xiaolu_blue.png":{"frame":{"x":1939,"y":245,"w":8,"h":8,"idx":0},"rotated":false,"trimed":false,"spriteSourceSize":{"x":0,"y":0,"w":8,"h":8},"sourceSize":{"w":8,"h":8}},"img_xiaolu_red.png":{"frame":{"x":1939,"y":255,"w":8,"h":8,"idx":0},"rotated":false,"trimed":false,"spriteSourceSize":{"x":0,"y":0,"w":8,"h":8},"sourceSize":{"w":8,"h":8}},"img_xiaoqianglu_blue.png":{"frame":{"x":1939,"y":265,"w":8,"h":8,"idx":0},"rotated":false,"trimed":false,"spriteSourceSize":{"x":0,"y":0,"w":8,"h":8},"sourceSize":{"w":8,"h":8}},"img_xiaoqianglu_red.png":{"frame":{"x":1254,"y":237,"w":8,"h":8,"idx":0},"rotated":false,"trimed":false,"spriteSourceSize":{"x":0,"y":0,"w":8,"h":8},"sourceSize":{"w":8,"h":8}},"img_xwl.png":{"frame":{"x":299,"y":957,"w":82,"h":23,"idx":0},"rotated":false,"trimed":false,"spriteSourceSize":{"x":0,"y":0,"w":82,"h":23},"sourceSize":{"w":82,"h":23}},"img_zhuangLongbao_win.png":{"frame":{"x":1122,"y":356,"w":153,"h":74,"idx":0},"rotated":false,"trimed":false,"spriteSourceSize":{"x":0,"y":0,"w":153,"h":74},"sourceSize":{"w":153,"h":74}},"img_zhupanlu_banker.png":{"frame":{"x":1802,"y":597,"w":30,"h":30,"idx":0},"rotated":false,"trimed":false,"spriteSourceSize":{"x":0,"y":0,"w":30,"h":30},"sourceSize":{"w":30,"h":30}},"img_zhupanlu_bpair.png":{"frame":{"x":1511,"y":84,"w":7,"h":7,"idx":0},"rotated":false,"trimed":false,"spriteSourceSize":{"x":0,"y":0,"w":7,"h":7},"sourceSize":{"w":7,"h":7}},"img_zhupanlu_player.png":{"frame":{"x":1802,"y":629,"w":30,"h":30,"idx":0},"rotated":false,"trimed":false,"spriteSourceSize":{"x":0,"y":0,"w":30,"h":30},"sourceSize":{"w":30,"h":30}},"img_zhupanlu_ppair.png":{"frame":{"x":1673,"y":192,"w":7,"h":7,"idx":0},"rotated":false,"trimed":false,"spriteSourceSize":{"x":0,"y":0,"w":7,"h":7},"sourceSize":{"w":7,"h":7}},"img_zhupanlu_tie.png":{"frame":{"x":439,"y":531,"w":30,"h":30,"idx":0},"rotated":false,"trimed":false,"spriteSourceSize":{"x":0,"y":0,"w":30,"h":30},"sourceSize":{"w":30,"h":30}},"img_zwl.png":{"frame":{"x":460,"y":695,"w":82,"h":23,"idx":0},"rotated":false,"trimed":false,"spriteSourceSize":{"x":0,"y":0,"w":82,"h":23},"sourceSize":{"w":82,"h":23}}},"meta":{"app":"http://www.layabox.com","prefix":"baccaratBanker/","version":"1.0","image":"baccaratBanker.png","format":"","size":{"w":2048,"h":1024},"scale":"1"}}