﻿{"frames":{"img_baccarat_poker_front_0.jpg":{"frame":{"x":0,"y":0,"w":65,"h":91,"idx":0},"rotated":false,"trimed":false,"spriteSourceSize":{"x":0,"y":0,"w":65,"h":91},"sourceSize":{"w":65,"h":91}},"img_baccarat_poker_front_1.jpg":{"frame":{"x":0,"y":93,"w":65,"h":91,"idx":0},"rotated":false,"trimed":false,"spriteSourceSize":{"x":0,"y":0,"w":65,"h":91},"sourceSize":{"w":65,"h":91}},"img_baccarat_poker_front_10.jpg":{"frame":{"x":0,"y":186,"w":65,"h":91,"idx":0},"rotated":false,"trimed":false,"spriteSourceSize":{"x":0,"y":0,"w":65,"h":91},"sourceSize":{"w":65,"h":91}},"img_baccarat_poker_front_11.jpg":{"frame":{"x":0,"y":279,"w":65,"h":91,"idx":0},"rotated":false,"trimed":false,"spriteSourceSize":{"x":0,"y":0,"w":65,"h":91},"sourceSize":{"w":65,"h":91}},"img_baccarat_poker_front_12.jpg":{"frame":{"x":0,"y":372,"w":65,"h":91,"idx":0},"rotated":false,"trimed":false,"spriteSourceSize":{"x":0,"y":0,"w":65,"h":91},"sourceSize":{"w":65,"h":91}},"img_baccarat_poker_front_13.jpg":{"frame":{"x":67,"y":0,"w":65,"h":91,"idx":0},"rotated":false,"trimed":false,"spriteSourceSize":{"x":0,"y":0,"w":65,"h":91},"sourceSize":{"w":65,"h":91}},"img_baccarat_poker_front_14.jpg":{"frame":{"x":67,"y":93,"w":65,"h":91,"idx":0},"rotated":false,"trimed":false,"spriteSourceSize":{"x":0,"y":0,"w":65,"h":91},"sourceSize":{"w":65,"h":91}},"img_baccarat_poker_front_15.jpg":{"frame":{"x":67,"y":186,"w":65,"h":91,"idx":0},"rotated":false,"trimed":false,"spriteSourceSize":{"x":0,"y":0,"w":65,"h":91},"sourceSize":{"w":65,"h":91}},"img_baccarat_poker_front_16.jpg":{"frame":{"x":67,"y":279,"w":65,"h":91,"idx":0},"rotated":false,"trimed":false,"spriteSourceSize":{"x":0,"y":0,"w":65,"h":91},"sourceSize":{"w":65,"h":91}},"img_baccarat_poker_front_17.jpg":{"frame":{"x":67,"y":372,"w":65,"h":91,"idx":0},"rotated":false,"trimed":false,"spriteSourceSize":{"x":0,"y":0,"w":65,"h":91},"sourceSize":{"w":65,"h":91}},"img_baccarat_poker_front_18.jpg":{"frame":{"x":134,"y":0,"w":65,"h":91,"idx":0},"rotated":false,"trimed":false,"spriteSourceSize":{"x":0,"y":0,"w":65,"h":91},"sourceSize":{"w":65,"h":91}},"img_baccarat_poker_front_19.jpg":{"frame":{"x":134,"y":93,"w":65,"h":91,"idx":0},"rotated":false,"trimed":false,"spriteSourceSize":{"x":0,"y":0,"w":65,"h":91},"sourceSize":{"w":65,"h":91}},"img_baccarat_poker_front_2.jpg":{"frame":{"x":134,"y":186,"w":65,"h":91,"idx":0},"rotated":false,"trimed":false,"spriteSourceSize":{"x":0,"y":0,"w":65,"h":91},"sourceSize":{"w":65,"h":91}},"img_baccarat_poker_front_20.jpg":{"frame":{"x":134,"y":279,"w":65,"h":91,"idx":0},"rotated":false,"trimed":false,"spriteSourceSize":{"x":0,"y":0,"w":65,"h":91},"sourceSize":{"w":65,"h":91}},"img_baccarat_poker_front_21.jpg":{"frame":{"x":134,"y":372,"w":65,"h":91,"idx":0},"rotated":false,"trimed":false,"spriteSourceSize":{"x":0,"y":0,"w":65,"h":91},"sourceSize":{"w":65,"h":91}},"img_baccarat_poker_front_22.jpg":{"frame":{"x":201,"y":0,"w":65,"h":91,"idx":0},"rotated":false,"trimed":false,"spriteSourceSize":{"x":0,"y":0,"w":65,"h":91},"sourceSize":{"w":65,"h":91}},"img_baccarat_poker_front_23.jpg":{"frame":{"x":201,"y":93,"w":65,"h":91,"idx":0},"rotated":false,"trimed":false,"spriteSourceSize":{"x":0,"y":0,"w":65,"h":91},"sourceSize":{"w":65,"h":91}},"img_baccarat_poker_front_24.jpg":{"frame":{"x":201,"y":186,"w":65,"h":91,"idx":0},"rotated":false,"trimed":false,"spriteSourceSize":{"x":0,"y":0,"w":65,"h":91},"sourceSize":{"w":65,"h":91}},"img_baccarat_poker_front_25.jpg":{"frame":{"x":201,"y":279,"w":65,"h":91,"idx":0},"rotated":false,"trimed":false,"spriteSourceSize":{"x":0,"y":0,"w":65,"h":91},"sourceSize":{"w":65,"h":91}},"img_baccarat_poker_front_26.jpg":{"frame":{"x":201,"y":372,"w":65,"h":91,"idx":0},"rotated":false,"trimed":false,"spriteSourceSize":{"x":0,"y":0,"w":65,"h":91},"sourceSize":{"w":65,"h":91}},"img_baccarat_poker_front_27.jpg":{"frame":{"x":268,"y":0,"w":65,"h":91,"idx":0},"rotated":false,"trimed":false,"spriteSourceSize":{"x":0,"y":0,"w":65,"h":91},"sourceSize":{"w":65,"h":91}},"img_baccarat_poker_front_28.jpg":{"frame":{"x":268,"y":93,"w":65,"h":91,"idx":0},"rotated":false,"trimed":false,"spriteSourceSize":{"x":0,"y":0,"w":65,"h":91},"sourceSize":{"w":65,"h":91}},"img_baccarat_poker_front_29.jpg":{"frame":{"x":268,"y":186,"w":65,"h":91,"idx":0},"rotated":false,"trimed":false,"spriteSourceSize":{"x":0,"y":0,"w":65,"h":91},"sourceSize":{"w":65,"h":91}},"img_baccarat_poker_front_3.jpg":{"frame":{"x":268,"y":279,"w":65,"h":91,"idx":0},"rotated":false,"trimed":false,"spriteSourceSize":{"x":0,"y":0,"w":65,"h":91},"sourceSize":{"w":65,"h":91}},"img_baccarat_poker_front_30.jpg":{"frame":{"x":268,"y":372,"w":65,"h":91,"idx":0},"rotated":false,"trimed":false,"spriteSourceSize":{"x":0,"y":0,"w":65,"h":91},"sourceSize":{"w":65,"h":91}},"img_baccarat_poker_front_31.jpg":{"frame":{"x":335,"y":0,"w":65,"h":91,"idx":0},"rotated":false,"trimed":false,"spriteSourceSize":{"x":0,"y":0,"w":65,"h":91},"sourceSize":{"w":65,"h":91}},"img_baccarat_poker_front_32.jpg":{"frame":{"x":335,"y":93,"w":65,"h":91,"idx":0},"rotated":false,"trimed":false,"spriteSourceSize":{"x":0,"y":0,"w":65,"h":91},"sourceSize":{"w":65,"h":91}},"img_baccarat_poker_front_33.jpg":{"frame":{"x":335,"y":186,"w":65,"h":91,"idx":0},"rotated":false,"trimed":false,"spriteSourceSize":{"x":0,"y":0,"w":65,"h":91},"sourceSize":{"w":65,"h":91}},"img_baccarat_poker_front_34.jpg":{"frame":{"x":335,"y":279,"w":65,"h":91,"idx":0},"rotated":false,"trimed":false,"spriteSourceSize":{"x":0,"y":0,"w":65,"h":91},"sourceSize":{"w":65,"h":91}},"img_baccarat_poker_front_35.jpg":{"frame":{"x":335,"y":372,"w":65,"h":91,"idx":0},"rotated":false,"trimed":false,"spriteSourceSize":{"x":0,"y":0,"w":65,"h":91},"sourceSize":{"w":65,"h":91}},"img_baccarat_poker_front_36.jpg":{"frame":{"x":402,"y":0,"w":65,"h":91,"idx":0},"rotated":false,"trimed":false,"spriteSourceSize":{"x":0,"y":0,"w":65,"h":91},"sourceSize":{"w":65,"h":91}},"img_baccarat_poker_front_37.jpg":{"frame":{"x":402,"y":93,"w":65,"h":91,"idx":0},"rotated":false,"trimed":false,"spriteSourceSize":{"x":0,"y":0,"w":65,"h":91},"sourceSize":{"w":65,"h":91}},"img_baccarat_poker_front_38.jpg":{"frame":{"x":402,"y":186,"w":65,"h":91,"idx":0},"rotated":false,"trimed":false,"spriteSourceSize":{"x":0,"y":0,"w":65,"h":91},"sourceSize":{"w":65,"h":91}},"img_baccarat_poker_front_39.jpg":{"frame":{"x":402,"y":279,"w":65,"h":91,"idx":0},"rotated":false,"trimed":false,"spriteSourceSize":{"x":0,"y":0,"w":65,"h":91},"sourceSize":{"w":65,"h":91}},"img_baccarat_poker_front_4.jpg":{"frame":{"x":402,"y":372,"w":65,"h":91,"idx":0},"rotated":false,"trimed":false,"spriteSourceSize":{"x":0,"y":0,"w":65,"h":91},"sourceSize":{"w":65,"h":91}},"img_baccarat_poker_front_40.jpg":{"frame":{"x":469,"y":0,"w":65,"h":91,"idx":0},"rotated":false,"trimed":false,"spriteSourceSize":{"x":0,"y":0,"w":65,"h":91},"sourceSize":{"w":65,"h":91}},"img_baccarat_poker_front_41.jpg":{"frame":{"x":469,"y":93,"w":65,"h":91,"idx":0},"rotated":false,"trimed":false,"spriteSourceSize":{"x":0,"y":0,"w":65,"h":91},"sourceSize":{"w":65,"h":91}},"img_baccarat_poker_front_42.jpg":{"frame":{"x":469,"y":186,"w":65,"h":91,"idx":0},"rotated":false,"trimed":false,"spriteSourceSize":{"x":0,"y":0,"w":65,"h":91},"sourceSize":{"w":65,"h":91}},"img_baccarat_poker_front_43.jpg":{"frame":{"x":469,"y":279,"w":65,"h":91,"idx":0},"rotated":false,"trimed":false,"spriteSourceSize":{"x":0,"y":0,"w":65,"h":91},"sourceSize":{"w":65,"h":91}},"img_baccarat_poker_front_44.jpg":{"frame":{"x":469,"y":372,"w":65,"h":91,"idx":0},"rotated":false,"trimed":false,"spriteSourceSize":{"x":0,"y":0,"w":65,"h":91},"sourceSize":{"w":65,"h":91}},"img_baccarat_poker_front_45.jpg":{"frame":{"x":536,"y":0,"w":65,"h":91,"idx":0},"rotated":false,"trimed":false,"spriteSourceSize":{"x":0,"y":0,"w":65,"h":91},"sourceSize":{"w":65,"h":91}},"img_baccarat_poker_front_46.jpg":{"frame":{"x":536,"y":93,"w":65,"h":91,"idx":0},"rotated":false,"trimed":false,"spriteSourceSize":{"x":0,"y":0,"w":65,"h":91},"sourceSize":{"w":65,"h":91}},"img_baccarat_poker_front_47.jpg":{"frame":{"x":536,"y":186,"w":65,"h":91,"idx":0},"rotated":false,"trimed":false,"spriteSourceSize":{"x":0,"y":0,"w":65,"h":91},"sourceSize":{"w":65,"h":91}},"img_baccarat_poker_front_48.jpg":{"frame":{"x":536,"y":279,"w":65,"h":91,"idx":0},"rotated":false,"trimed":false,"spriteSourceSize":{"x":0,"y":0,"w":65,"h":91},"sourceSize":{"w":65,"h":91}},"img_baccarat_poker_front_49.jpg":{"frame":{"x":536,"y":372,"w":65,"h":91,"idx":0},"rotated":false,"trimed":false,"spriteSourceSize":{"x":0,"y":0,"w":65,"h":91},"sourceSize":{"w":65,"h":91}},"img_baccarat_poker_front_5.jpg":{"frame":{"x":603,"y":0,"w":65,"h":91,"idx":0},"rotated":false,"trimed":false,"spriteSourceSize":{"x":0,"y":0,"w":65,"h":91},"sourceSize":{"w":65,"h":91}},"img_baccarat_poker_front_50.jpg":{"frame":{"x":603,"y":93,"w":65,"h":91,"idx":0},"rotated":false,"trimed":false,"spriteSourceSize":{"x":0,"y":0,"w":65,"h":91},"sourceSize":{"w":65,"h":91}},"img_baccarat_poker_front_51.jpg":{"frame":{"x":603,"y":186,"w":65,"h":91,"idx":0},"rotated":false,"trimed":false,"spriteSourceSize":{"x":0,"y":0,"w":65,"h":91},"sourceSize":{"w":65,"h":91}},"img_baccarat_poker_front_6.jpg":{"frame":{"x":603,"y":279,"w":65,"h":91,"idx":0},"rotated":false,"trimed":false,"spriteSourceSize":{"x":0,"y":0,"w":65,"h":91},"sourceSize":{"w":65,"h":91}},"img_baccarat_poker_front_7.jpg":{"frame":{"x":603,"y":372,"w":65,"h":91,"idx":0},"rotated":false,"trimed":false,"spriteSourceSize":{"x":0,"y":0,"w":65,"h":91},"sourceSize":{"w":65,"h":91}},"img_baccarat_poker_front_8.jpg":{"frame":{"x":670,"y":0,"w":65,"h":91,"idx":0},"rotated":false,"trimed":false,"spriteSourceSize":{"x":0,"y":0,"w":65,"h":91},"sourceSize":{"w":65,"h":91}},"img_baccarat_poker_front_9.jpg":{"frame":{"x":737,"y":0,"w":65,"h":91,"idx":0},"rotated":false,"trimed":false,"spriteSourceSize":{"x":0,"y":0,"w":65,"h":91},"sourceSize":{"w":65,"h":91}}},"meta":{"app":"http://www.layabox.com","prefix":"bigCards/","version":"1.0","image":"bigCards.png","format":"","size":{"w":1024,"h":512},"scale":"1"}}