﻿{"frames":{"img_baccarat_poker_front_0_1.png":{"frame":{"x":0,"y":0,"w":65,"h":112,"idx":0},"rotated":false,"trimed":false,"spriteSourceSize":{"x":0,"y":0,"w":65,"h":112},"sourceSize":{"w":65,"h":112}},"img_baccarat_poker_front_0_2.png":{"frame":{"x":0,"y":114,"w":65,"h":112,"idx":0},"rotated":false,"trimed":false,"spriteSourceSize":{"x":0,"y":0,"w":65,"h":112},"sourceSize":{"w":65,"h":112}},"img_baccarat_poker_front_0_3.png":{"frame":{"x":0,"y":228,"w":65,"h":112,"idx":0},"rotated":false,"trimed":false,"spriteSourceSize":{"x":0,"y":0,"w":65,"h":112},"sourceSize":{"w":65,"h":112}},"img_baccarat_poker_front_0_4.png":{"frame":{"x":0,"y":342,"w":65,"h":112,"idx":0},"rotated":false,"trimed":false,"spriteSourceSize":{"x":0,"y":0,"w":65,"h":112},"sourceSize":{"w":65,"h":112}},"img_baccarat_poker_front_0_5.png":{"frame":{"x":0,"y":456,"w":65,"h":112,"idx":0},"rotated":false,"trimed":false,"spriteSourceSize":{"x":0,"y":0,"w":65,"h":112},"sourceSize":{"w":65,"h":112}},"img_baccarat_poker_front_0_6.png":{"frame":{"x":0,"y":570,"w":65,"h":112,"idx":0},"rotated":false,"trimed":false,"spriteSourceSize":{"x":0,"y":0,"w":65,"h":112},"sourceSize":{"w":65,"h":112}},"img_baccarat_poker_front_0_7.png":{"frame":{"x":0,"y":684,"w":65,"h":112,"idx":0},"rotated":false,"trimed":false,"spriteSourceSize":{"x":0,"y":0,"w":65,"h":112},"sourceSize":{"w":65,"h":112}},"img_baccarat_poker_front_0_8.png":{"frame":{"x":0,"y":798,"w":65,"h":112,"idx":0},"rotated":false,"trimed":false,"spriteSourceSize":{"x":0,"y":0,"w":65,"h":112},"sourceSize":{"w":65,"h":112}},"img_baccarat_poker_front_10_3.png":{"frame":{"x":0,"y":912,"w":65,"h":112,"idx":0},"rotated":false,"trimed":false,"spriteSourceSize":{"x":0,"y":0,"w":65,"h":112},"sourceSize":{"w":65,"h":112}},"img_baccarat_poker_front_10_4.png":{"frame":{"x":0,"y":1026,"w":65,"h":112,"idx":0},"rotated":false,"trimed":false,"spriteSourceSize":{"x":0,"y":0,"w":65,"h":112},"sourceSize":{"w":65,"h":112}},"img_baccarat_poker_front_10_5.png":{"frame":{"x":0,"y":1140,"w":65,"h":112,"idx":0},"rotated":false,"trimed":false,"spriteSourceSize":{"x":0,"y":0,"w":65,"h":112},"sourceSize":{"w":65,"h":112}},"img_baccarat_poker_front_10_6.png":{"frame":{"x":0,"y":1254,"w":65,"h":112,"idx":0},"rotated":false,"trimed":false,"spriteSourceSize":{"x":0,"y":0,"w":65,"h":112},"sourceSize":{"w":65,"h":112}},"img_baccarat_poker_front_10_7.png":{"frame":{"x":0,"y":1368,"w":65,"h":112,"idx":0},"rotated":false,"trimed":false,"spriteSourceSize":{"x":0,"y":0,"w":65,"h":112},"sourceSize":{"w":65,"h":112}},"img_baccarat_poker_front_10_8.png":{"frame":{"x":0,"y":1482,"w":65,"h":112,"idx":0},"rotated":false,"trimed":false,"spriteSourceSize":{"x":0,"y":0,"w":65,"h":112},"sourceSize":{"w":65,"h":112}},"img_baccarat_poker_front_11_3.png":{"frame":{"x":0,"y":1596,"w":65,"h":112,"idx":0},"rotated":false,"trimed":false,"spriteSourceSize":{"x":0,"y":0,"w":65,"h":112},"sourceSize":{"w":65,"h":112}},"img_baccarat_poker_front_11_4.png":{"frame":{"x":0,"y":1710,"w":65,"h":112,"idx":0},"rotated":false,"trimed":false,"spriteSourceSize":{"x":0,"y":0,"w":65,"h":112},"sourceSize":{"w":65,"h":112}},"img_baccarat_poker_front_11_5.png":{"frame":{"x":0,"y":1824,"w":65,"h":112,"idx":0},"rotated":false,"trimed":false,"spriteSourceSize":{"x":0,"y":0,"w":65,"h":112},"sourceSize":{"w":65,"h":112}},"img_baccarat_poker_front_11_6.png":{"frame":{"x":67,"y":0,"w":65,"h":112,"idx":0},"rotated":false,"trimed":false,"spriteSourceSize":{"x":0,"y":0,"w":65,"h":112},"sourceSize":{"w":65,"h":112}},"img_baccarat_poker_front_11_7.png":{"frame":{"x":67,"y":114,"w":65,"h":112,"idx":0},"rotated":false,"trimed":false,"spriteSourceSize":{"x":0,"y":0,"w":65,"h":112},"sourceSize":{"w":65,"h":112}},"img_baccarat_poker_front_11_8.png":{"frame":{"x":67,"y":228,"w":65,"h":112,"idx":0},"rotated":false,"trimed":false,"spriteSourceSize":{"x":0,"y":0,"w":65,"h":112},"sourceSize":{"w":65,"h":112}},"img_baccarat_poker_front_12_3.png":{"frame":{"x":67,"y":342,"w":65,"h":112,"idx":0},"rotated":false,"trimed":false,"spriteSourceSize":{"x":0,"y":0,"w":65,"h":112},"sourceSize":{"w":65,"h":112}},"img_baccarat_poker_front_12_4.png":{"frame":{"x":67,"y":456,"w":65,"h":112,"idx":0},"rotated":false,"trimed":false,"spriteSourceSize":{"x":0,"y":0,"w":65,"h":112},"sourceSize":{"w":65,"h":112}},"img_baccarat_poker_front_12_5.png":{"frame":{"x":67,"y":570,"w":65,"h":112,"idx":0},"rotated":false,"trimed":false,"spriteSourceSize":{"x":0,"y":0,"w":65,"h":112},"sourceSize":{"w":65,"h":112}},"img_baccarat_poker_front_12_6.png":{"frame":{"x":67,"y":684,"w":65,"h":112,"idx":0},"rotated":false,"trimed":false,"spriteSourceSize":{"x":0,"y":0,"w":65,"h":112},"sourceSize":{"w":65,"h":112}},"img_baccarat_poker_front_12_7.png":{"frame":{"x":67,"y":798,"w":65,"h":112,"idx":0},"rotated":false,"trimed":false,"spriteSourceSize":{"x":0,"y":0,"w":65,"h":112},"sourceSize":{"w":65,"h":112}},"img_baccarat_poker_front_12_8.png":{"frame":{"x":67,"y":912,"w":65,"h":112,"idx":0},"rotated":false,"trimed":false,"spriteSourceSize":{"x":0,"y":0,"w":65,"h":112},"sourceSize":{"w":65,"h":112}},"img_baccarat_poker_front_13_3.png":{"frame":{"x":67,"y":1026,"w":65,"h":112,"idx":0},"rotated":false,"trimed":false,"spriteSourceSize":{"x":0,"y":0,"w":65,"h":112},"sourceSize":{"w":65,"h":112}},"img_baccarat_poker_front_13_4.png":{"frame":{"x":67,"y":1140,"w":65,"h":112,"idx":0},"rotated":false,"trimed":false,"spriteSourceSize":{"x":0,"y":0,"w":65,"h":112},"sourceSize":{"w":65,"h":112}},"img_baccarat_poker_front_13_5.png":{"frame":{"x":67,"y":1254,"w":65,"h":112,"idx":0},"rotated":false,"trimed":false,"spriteSourceSize":{"x":0,"y":0,"w":65,"h":112},"sourceSize":{"w":65,"h":112}},"img_baccarat_poker_front_13_6.png":{"frame":{"x":67,"y":1368,"w":65,"h":112,"idx":0},"rotated":false,"trimed":false,"spriteSourceSize":{"x":0,"y":0,"w":65,"h":112},"sourceSize":{"w":65,"h":112}},"img_baccarat_poker_front_13_7.png":{"frame":{"x":67,"y":1482,"w":65,"h":112,"idx":0},"rotated":false,"trimed":false,"spriteSourceSize":{"x":0,"y":0,"w":65,"h":112},"sourceSize":{"w":65,"h":112}},"img_baccarat_poker_front_13_8.png":{"frame":{"x":67,"y":1596,"w":65,"h":112,"idx":0},"rotated":false,"trimed":false,"spriteSourceSize":{"x":0,"y":0,"w":65,"h":112},"sourceSize":{"w":65,"h":112}},"img_baccarat_poker_front_14_3.png":{"frame":{"x":67,"y":1710,"w":65,"h":112,"idx":0},"rotated":false,"trimed":false,"spriteSourceSize":{"x":0,"y":0,"w":65,"h":112},"sourceSize":{"w":65,"h":112}},"img_baccarat_poker_front_14_4.png":{"frame":{"x":67,"y":1824,"w":65,"h":112,"idx":0},"rotated":false,"trimed":false,"spriteSourceSize":{"x":0,"y":0,"w":65,"h":112},"sourceSize":{"w":65,"h":112}},"img_baccarat_poker_front_14_5.png":{"frame":{"x":134,"y":0,"w":65,"h":112,"idx":0},"rotated":false,"trimed":false,"spriteSourceSize":{"x":0,"y":0,"w":65,"h":112},"sourceSize":{"w":65,"h":112}},"img_baccarat_poker_front_14_6.png":{"frame":{"x":134,"y":114,"w":65,"h":112,"idx":0},"rotated":false,"trimed":false,"spriteSourceSize":{"x":0,"y":0,"w":65,"h":112},"sourceSize":{"w":65,"h":112}},"img_baccarat_poker_front_14_7.png":{"frame":{"x":134,"y":228,"w":65,"h":112,"idx":0},"rotated":false,"trimed":false,"spriteSourceSize":{"x":0,"y":0,"w":65,"h":112},"sourceSize":{"w":65,"h":112}},"img_baccarat_poker_front_14_8.png":{"frame":{"x":134,"y":342,"w":65,"h":112,"idx":0},"rotated":false,"trimed":false,"spriteSourceSize":{"x":0,"y":0,"w":65,"h":112},"sourceSize":{"w":65,"h":112}},"img_baccarat_poker_front_15_3.png":{"frame":{"x":134,"y":456,"w":65,"h":112,"idx":0},"rotated":false,"trimed":false,"spriteSourceSize":{"x":0,"y":0,"w":65,"h":112},"sourceSize":{"w":65,"h":112}},"img_baccarat_poker_front_15_4.png":{"frame":{"x":134,"y":570,"w":65,"h":112,"idx":0},"rotated":false,"trimed":false,"spriteSourceSize":{"x":0,"y":0,"w":65,"h":112},"sourceSize":{"w":65,"h":112}},"img_baccarat_poker_front_15_5.png":{"frame":{"x":134,"y":684,"w":65,"h":112,"idx":0},"rotated":false,"trimed":false,"spriteSourceSize":{"x":0,"y":0,"w":65,"h":112},"sourceSize":{"w":65,"h":112}},"img_baccarat_poker_front_15_6.png":{"frame":{"x":134,"y":798,"w":65,"h":112,"idx":0},"rotated":false,"trimed":false,"spriteSourceSize":{"x":0,"y":0,"w":65,"h":112},"sourceSize":{"w":65,"h":112}},"img_baccarat_poker_front_15_7.png":{"frame":{"x":134,"y":912,"w":65,"h":112,"idx":0},"rotated":false,"trimed":false,"spriteSourceSize":{"x":0,"y":0,"w":65,"h":112},"sourceSize":{"w":65,"h":112}},"img_baccarat_poker_front_15_8.png":{"frame":{"x":134,"y":1026,"w":65,"h":112,"idx":0},"rotated":false,"trimed":false,"spriteSourceSize":{"x":0,"y":0,"w":65,"h":112},"sourceSize":{"w":65,"h":112}},"img_baccarat_poker_front_16_3.png":{"frame":{"x":134,"y":1140,"w":65,"h":112,"idx":0},"rotated":false,"trimed":false,"spriteSourceSize":{"x":0,"y":0,"w":65,"h":112},"sourceSize":{"w":65,"h":112}},"img_baccarat_poker_front_16_4.png":{"frame":{"x":134,"y":1254,"w":65,"h":112,"idx":0},"rotated":false,"trimed":false,"spriteSourceSize":{"x":0,"y":0,"w":65,"h":112},"sourceSize":{"w":65,"h":112}},"img_baccarat_poker_front_16_5.png":{"frame":{"x":134,"y":1368,"w":65,"h":112,"idx":0},"rotated":false,"trimed":false,"spriteSourceSize":{"x":0,"y":0,"w":65,"h":112},"sourceSize":{"w":65,"h":112}},"img_baccarat_poker_front_16_6.png":{"frame":{"x":134,"y":1482,"w":65,"h":112,"idx":0},"rotated":false,"trimed":false,"spriteSourceSize":{"x":0,"y":0,"w":65,"h":112},"sourceSize":{"w":65,"h":112}},"img_baccarat_poker_front_16_7.png":{"frame":{"x":134,"y":1596,"w":65,"h":112,"idx":0},"rotated":false,"trimed":false,"spriteSourceSize":{"x":0,"y":0,"w":65,"h":112},"sourceSize":{"w":65,"h":112}},"img_baccarat_poker_front_16_8.png":{"frame":{"x":134,"y":1710,"w":65,"h":112,"idx":0},"rotated":false,"trimed":false,"spriteSourceSize":{"x":0,"y":0,"w":65,"h":112},"sourceSize":{"w":65,"h":112}},"img_baccarat_poker_front_17_3.png":{"frame":{"x":134,"y":1824,"w":65,"h":112,"idx":0},"rotated":false,"trimed":false,"spriteSourceSize":{"x":0,"y":0,"w":65,"h":112},"sourceSize":{"w":65,"h":112}},"img_baccarat_poker_front_17_4.png":{"frame":{"x":201,"y":0,"w":65,"h":112,"idx":0},"rotated":false,"trimed":false,"spriteSourceSize":{"x":0,"y":0,"w":65,"h":112},"sourceSize":{"w":65,"h":112}},"img_baccarat_poker_front_17_5.png":{"frame":{"x":201,"y":114,"w":65,"h":112,"idx":0},"rotated":false,"trimed":false,"spriteSourceSize":{"x":0,"y":0,"w":65,"h":112},"sourceSize":{"w":65,"h":112}},"img_baccarat_poker_front_17_6.png":{"frame":{"x":201,"y":228,"w":65,"h":112,"idx":0},"rotated":false,"trimed":false,"spriteSourceSize":{"x":0,"y":0,"w":65,"h":112},"sourceSize":{"w":65,"h":112}},"img_baccarat_poker_front_17_7.png":{"frame":{"x":201,"y":342,"w":65,"h":112,"idx":0},"rotated":false,"trimed":false,"spriteSourceSize":{"x":0,"y":0,"w":65,"h":112},"sourceSize":{"w":65,"h":112}},"img_baccarat_poker_front_17_8.png":{"frame":{"x":201,"y":456,"w":65,"h":112,"idx":0},"rotated":false,"trimed":false,"spriteSourceSize":{"x":0,"y":0,"w":65,"h":112},"sourceSize":{"w":65,"h":112}},"img_baccarat_poker_front_18_3.png":{"frame":{"x":201,"y":570,"w":65,"h":112,"idx":0},"rotated":false,"trimed":false,"spriteSourceSize":{"x":0,"y":0,"w":65,"h":112},"sourceSize":{"w":65,"h":112}},"img_baccarat_poker_front_18_4.png":{"frame":{"x":201,"y":684,"w":65,"h":112,"idx":0},"rotated":false,"trimed":false,"spriteSourceSize":{"x":0,"y":0,"w":65,"h":112},"sourceSize":{"w":65,"h":112}},"img_baccarat_poker_front_18_5.png":{"frame":{"x":201,"y":798,"w":65,"h":112,"idx":0},"rotated":false,"trimed":false,"spriteSourceSize":{"x":0,"y":0,"w":65,"h":112},"sourceSize":{"w":65,"h":112}},"img_baccarat_poker_front_18_6.png":{"frame":{"x":201,"y":912,"w":65,"h":112,"idx":0},"rotated":false,"trimed":false,"spriteSourceSize":{"x":0,"y":0,"w":65,"h":112},"sourceSize":{"w":65,"h":112}},"img_baccarat_poker_front_18_7.png":{"frame":{"x":201,"y":1026,"w":65,"h":112,"idx":0},"rotated":false,"trimed":false,"spriteSourceSize":{"x":0,"y":0,"w":65,"h":112},"sourceSize":{"w":65,"h":112}},"img_baccarat_poker_front_18_8.png":{"frame":{"x":201,"y":1140,"w":65,"h":112,"idx":0},"rotated":false,"trimed":false,"spriteSourceSize":{"x":0,"y":0,"w":65,"h":112},"sourceSize":{"w":65,"h":112}},"img_baccarat_poker_front_19_3.png":{"frame":{"x":201,"y":1254,"w":65,"h":112,"idx":0},"rotated":false,"trimed":false,"spriteSourceSize":{"x":0,"y":0,"w":65,"h":112},"sourceSize":{"w":65,"h":112}},"img_baccarat_poker_front_19_4.png":{"frame":{"x":201,"y":1368,"w":65,"h":112,"idx":0},"rotated":false,"trimed":false,"spriteSourceSize":{"x":0,"y":0,"w":65,"h":112},"sourceSize":{"w":65,"h":112}},"img_baccarat_poker_front_19_5.png":{"frame":{"x":201,"y":1482,"w":65,"h":112,"idx":0},"rotated":false,"trimed":false,"spriteSourceSize":{"x":0,"y":0,"w":65,"h":112},"sourceSize":{"w":65,"h":112}},"img_baccarat_poker_front_19_6.png":{"frame":{"x":201,"y":1596,"w":65,"h":112,"idx":0},"rotated":false,"trimed":false,"spriteSourceSize":{"x":0,"y":0,"w":65,"h":112},"sourceSize":{"w":65,"h":112}},"img_baccarat_poker_front_19_7.png":{"frame":{"x":201,"y":1710,"w":65,"h":112,"idx":0},"rotated":false,"trimed":false,"spriteSourceSize":{"x":0,"y":0,"w":65,"h":112},"sourceSize":{"w":65,"h":112}},"img_baccarat_poker_front_19_8.png":{"frame":{"x":201,"y":1824,"w":65,"h":112,"idx":0},"rotated":false,"trimed":false,"spriteSourceSize":{"x":0,"y":0,"w":65,"h":112},"sourceSize":{"w":65,"h":112}},"img_baccarat_poker_front_1_3.png":{"frame":{"x":268,"y":0,"w":65,"h":112,"idx":0},"rotated":false,"trimed":false,"spriteSourceSize":{"x":0,"y":0,"w":65,"h":112},"sourceSize":{"w":65,"h":112}},"img_baccarat_poker_front_1_4.png":{"frame":{"x":268,"y":114,"w":65,"h":112,"idx":0},"rotated":false,"trimed":false,"spriteSourceSize":{"x":0,"y":0,"w":65,"h":112},"sourceSize":{"w":65,"h":112}},"img_baccarat_poker_front_1_5.png":{"frame":{"x":268,"y":228,"w":65,"h":112,"idx":0},"rotated":false,"trimed":false,"spriteSourceSize":{"x":0,"y":0,"w":65,"h":112},"sourceSize":{"w":65,"h":112}},"img_baccarat_poker_front_1_6.png":{"frame":{"x":268,"y":342,"w":65,"h":112,"idx":0},"rotated":false,"trimed":false,"spriteSourceSize":{"x":0,"y":0,"w":65,"h":112},"sourceSize":{"w":65,"h":112}},"img_baccarat_poker_front_1_7.png":{"frame":{"x":268,"y":456,"w":65,"h":112,"idx":0},"rotated":false,"trimed":false,"spriteSourceSize":{"x":0,"y":0,"w":65,"h":112},"sourceSize":{"w":65,"h":112}},"img_baccarat_poker_front_1_8.png":{"frame":{"x":268,"y":570,"w":65,"h":112,"idx":0},"rotated":false,"trimed":false,"spriteSourceSize":{"x":0,"y":0,"w":65,"h":112},"sourceSize":{"w":65,"h":112}},"img_baccarat_poker_front_20_3.png":{"frame":{"x":268,"y":684,"w":65,"h":112,"idx":0},"rotated":false,"trimed":false,"spriteSourceSize":{"x":0,"y":0,"w":65,"h":112},"sourceSize":{"w":65,"h":112}},"img_baccarat_poker_front_20_4.png":{"frame":{"x":268,"y":798,"w":65,"h":112,"idx":0},"rotated":false,"trimed":false,"spriteSourceSize":{"x":0,"y":0,"w":65,"h":112},"sourceSize":{"w":65,"h":112}},"img_baccarat_poker_front_20_5.png":{"frame":{"x":268,"y":912,"w":65,"h":112,"idx":0},"rotated":false,"trimed":false,"spriteSourceSize":{"x":0,"y":0,"w":65,"h":112},"sourceSize":{"w":65,"h":112}},"img_baccarat_poker_front_20_6.png":{"frame":{"x":268,"y":1026,"w":65,"h":112,"idx":0},"rotated":false,"trimed":false,"spriteSourceSize":{"x":0,"y":0,"w":65,"h":112},"sourceSize":{"w":65,"h":112}},"img_baccarat_poker_front_20_7.png":{"frame":{"x":268,"y":1140,"w":65,"h":112,"idx":0},"rotated":false,"trimed":false,"spriteSourceSize":{"x":0,"y":0,"w":65,"h":112},"sourceSize":{"w":65,"h":112}},"img_baccarat_poker_front_20_8.png":{"frame":{"x":268,"y":1254,"w":65,"h":112,"idx":0},"rotated":false,"trimed":false,"spriteSourceSize":{"x":0,"y":0,"w":65,"h":112},"sourceSize":{"w":65,"h":112}},"img_baccarat_poker_front_21_3.png":{"frame":{"x":268,"y":1368,"w":65,"h":112,"idx":0},"rotated":false,"trimed":false,"spriteSourceSize":{"x":0,"y":0,"w":65,"h":112},"sourceSize":{"w":65,"h":112}},"img_baccarat_poker_front_21_4.png":{"frame":{"x":268,"y":1482,"w":65,"h":112,"idx":0},"rotated":false,"trimed":false,"spriteSourceSize":{"x":0,"y":0,"w":65,"h":112},"sourceSize":{"w":65,"h":112}},"img_baccarat_poker_front_21_5.png":{"frame":{"x":268,"y":1596,"w":65,"h":112,"idx":0},"rotated":false,"trimed":false,"spriteSourceSize":{"x":0,"y":0,"w":65,"h":112},"sourceSize":{"w":65,"h":112}},"img_baccarat_poker_front_21_6.png":{"frame":{"x":268,"y":1710,"w":65,"h":112,"idx":0},"rotated":false,"trimed":false,"spriteSourceSize":{"x":0,"y":0,"w":65,"h":112},"sourceSize":{"w":65,"h":112}},"img_baccarat_poker_front_21_7.png":{"frame":{"x":268,"y":1824,"w":65,"h":112,"idx":0},"rotated":false,"trimed":false,"spriteSourceSize":{"x":0,"y":0,"w":65,"h":112},"sourceSize":{"w":65,"h":112}},"img_baccarat_poker_front_21_8.png":{"frame":{"x":335,"y":0,"w":65,"h":112,"idx":0},"rotated":false,"trimed":false,"spriteSourceSize":{"x":0,"y":0,"w":65,"h":112},"sourceSize":{"w":65,"h":112}},"img_baccarat_poker_front_22_3.png":{"frame":{"x":335,"y":114,"w":65,"h":112,"idx":0},"rotated":false,"trimed":false,"spriteSourceSize":{"x":0,"y":0,"w":65,"h":112},"sourceSize":{"w":65,"h":112}},"img_baccarat_poker_front_22_4.png":{"frame":{"x":335,"y":228,"w":65,"h":112,"idx":0},"rotated":false,"trimed":false,"spriteSourceSize":{"x":0,"y":0,"w":65,"h":112},"sourceSize":{"w":65,"h":112}},"img_baccarat_poker_front_22_5.png":{"frame":{"x":335,"y":342,"w":65,"h":112,"idx":0},"rotated":false,"trimed":false,"spriteSourceSize":{"x":0,"y":0,"w":65,"h":112},"sourceSize":{"w":65,"h":112}},"img_baccarat_poker_front_22_6.png":{"frame":{"x":335,"y":456,"w":65,"h":112,"idx":0},"rotated":false,"trimed":false,"spriteSourceSize":{"x":0,"y":0,"w":65,"h":112},"sourceSize":{"w":65,"h":112}},"img_baccarat_poker_front_22_7.png":{"frame":{"x":335,"y":570,"w":65,"h":112,"idx":0},"rotated":false,"trimed":false,"spriteSourceSize":{"x":0,"y":0,"w":65,"h":112},"sourceSize":{"w":65,"h":112}},"img_baccarat_poker_front_22_8.png":{"frame":{"x":335,"y":684,"w":65,"h":112,"idx":0},"rotated":false,"trimed":false,"spriteSourceSize":{"x":0,"y":0,"w":65,"h":112},"sourceSize":{"w":65,"h":112}},"img_baccarat_poker_front_23_3.png":{"frame":{"x":335,"y":798,"w":65,"h":112,"idx":0},"rotated":false,"trimed":false,"spriteSourceSize":{"x":0,"y":0,"w":65,"h":112},"sourceSize":{"w":65,"h":112}},"img_baccarat_poker_front_23_4.png":{"frame":{"x":335,"y":912,"w":65,"h":112,"idx":0},"rotated":false,"trimed":false,"spriteSourceSize":{"x":0,"y":0,"w":65,"h":112},"sourceSize":{"w":65,"h":112}},"img_baccarat_poker_front_23_5.png":{"frame":{"x":335,"y":1026,"w":65,"h":112,"idx":0},"rotated":false,"trimed":false,"spriteSourceSize":{"x":0,"y":0,"w":65,"h":112},"sourceSize":{"w":65,"h":112}},"img_baccarat_poker_front_23_6.png":{"frame":{"x":335,"y":1140,"w":65,"h":112,"idx":0},"rotated":false,"trimed":false,"spriteSourceSize":{"x":0,"y":0,"w":65,"h":112},"sourceSize":{"w":65,"h":112}},"img_baccarat_poker_front_23_7.png":{"frame":{"x":335,"y":1254,"w":65,"h":112,"idx":0},"rotated":false,"trimed":false,"spriteSourceSize":{"x":0,"y":0,"w":65,"h":112},"sourceSize":{"w":65,"h":112}},"img_baccarat_poker_front_23_8.png":{"frame":{"x":335,"y":1368,"w":65,"h":112,"idx":0},"rotated":false,"trimed":false,"spriteSourceSize":{"x":0,"y":0,"w":65,"h":112},"sourceSize":{"w":65,"h":112}},"img_baccarat_poker_front_24_3.png":{"frame":{"x":335,"y":1482,"w":65,"h":112,"idx":0},"rotated":false,"trimed":false,"spriteSourceSize":{"x":0,"y":0,"w":65,"h":112},"sourceSize":{"w":65,"h":112}},"img_baccarat_poker_front_24_4.png":{"frame":{"x":335,"y":1596,"w":65,"h":112,"idx":0},"rotated":false,"trimed":false,"spriteSourceSize":{"x":0,"y":0,"w":65,"h":112},"sourceSize":{"w":65,"h":112}},"img_baccarat_poker_front_24_5.png":{"frame":{"x":335,"y":1710,"w":65,"h":112,"idx":0},"rotated":false,"trimed":false,"spriteSourceSize":{"x":0,"y":0,"w":65,"h":112},"sourceSize":{"w":65,"h":112}},"img_baccarat_poker_front_24_6.png":{"frame":{"x":335,"y":1824,"w":65,"h":112,"idx":0},"rotated":false,"trimed":false,"spriteSourceSize":{"x":0,"y":0,"w":65,"h":112},"sourceSize":{"w":65,"h":112}},"img_baccarat_poker_front_24_7.png":{"frame":{"x":402,"y":0,"w":65,"h":112,"idx":0},"rotated":false,"trimed":false,"spriteSourceSize":{"x":0,"y":0,"w":65,"h":112},"sourceSize":{"w":65,"h":112}},"img_baccarat_poker_front_24_8.png":{"frame":{"x":402,"y":114,"w":65,"h":112,"idx":0},"rotated":false,"trimed":false,"spriteSourceSize":{"x":0,"y":0,"w":65,"h":112},"sourceSize":{"w":65,"h":112}},"img_baccarat_poker_front_25_3.png":{"frame":{"x":402,"y":228,"w":65,"h":112,"idx":0},"rotated":false,"trimed":false,"spriteSourceSize":{"x":0,"y":0,"w":65,"h":112},"sourceSize":{"w":65,"h":112}},"img_baccarat_poker_front_25_4.png":{"frame":{"x":402,"y":342,"w":65,"h":112,"idx":0},"rotated":false,"trimed":false,"spriteSourceSize":{"x":0,"y":0,"w":65,"h":112},"sourceSize":{"w":65,"h":112}},"img_baccarat_poker_front_25_5.png":{"frame":{"x":402,"y":456,"w":65,"h":112,"idx":0},"rotated":false,"trimed":false,"spriteSourceSize":{"x":0,"y":0,"w":65,"h":112},"sourceSize":{"w":65,"h":112}},"img_baccarat_poker_front_25_6.png":{"frame":{"x":402,"y":570,"w":65,"h":112,"idx":0},"rotated":false,"trimed":false,"spriteSourceSize":{"x":0,"y":0,"w":65,"h":112},"sourceSize":{"w":65,"h":112}},"img_baccarat_poker_front_25_7.png":{"frame":{"x":402,"y":684,"w":65,"h":112,"idx":0},"rotated":false,"trimed":false,"spriteSourceSize":{"x":0,"y":0,"w":65,"h":112},"sourceSize":{"w":65,"h":112}},"img_baccarat_poker_front_25_8.png":{"frame":{"x":402,"y":798,"w":65,"h":112,"idx":0},"rotated":false,"trimed":false,"spriteSourceSize":{"x":0,"y":0,"w":65,"h":112},"sourceSize":{"w":65,"h":112}},"img_baccarat_poker_front_26_3.png":{"frame":{"x":402,"y":912,"w":65,"h":112,"idx":0},"rotated":false,"trimed":false,"spriteSourceSize":{"x":0,"y":0,"w":65,"h":112},"sourceSize":{"w":65,"h":112}},"img_baccarat_poker_front_26_4.png":{"frame":{"x":402,"y":1026,"w":65,"h":112,"idx":0},"rotated":false,"trimed":false,"spriteSourceSize":{"x":0,"y":0,"w":65,"h":112},"sourceSize":{"w":65,"h":112}},"img_baccarat_poker_front_26_5.png":{"frame":{"x":402,"y":1140,"w":65,"h":112,"idx":0},"rotated":false,"trimed":false,"spriteSourceSize":{"x":0,"y":0,"w":65,"h":112},"sourceSize":{"w":65,"h":112}},"img_baccarat_poker_front_26_6.png":{"frame":{"x":402,"y":1254,"w":65,"h":112,"idx":0},"rotated":false,"trimed":false,"spriteSourceSize":{"x":0,"y":0,"w":65,"h":112},"sourceSize":{"w":65,"h":112}},"img_baccarat_poker_front_26_7.png":{"frame":{"x":402,"y":1368,"w":65,"h":112,"idx":0},"rotated":false,"trimed":false,"spriteSourceSize":{"x":0,"y":0,"w":65,"h":112},"sourceSize":{"w":65,"h":112}},"img_baccarat_poker_front_26_8.png":{"frame":{"x":402,"y":1482,"w":65,"h":112,"idx":0},"rotated":false,"trimed":false,"spriteSourceSize":{"x":0,"y":0,"w":65,"h":112},"sourceSize":{"w":65,"h":112}},"img_baccarat_poker_front_27_3.png":{"frame":{"x":402,"y":1596,"w":65,"h":112,"idx":0},"rotated":false,"trimed":false,"spriteSourceSize":{"x":0,"y":0,"w":65,"h":112},"sourceSize":{"w":65,"h":112}},"img_baccarat_poker_front_27_4.png":{"frame":{"x":402,"y":1710,"w":65,"h":112,"idx":0},"rotated":false,"trimed":false,"spriteSourceSize":{"x":0,"y":0,"w":65,"h":112},"sourceSize":{"w":65,"h":112}},"img_baccarat_poker_front_27_5.png":{"frame":{"x":402,"y":1824,"w":65,"h":112,"idx":0},"rotated":false,"trimed":false,"spriteSourceSize":{"x":0,"y":0,"w":65,"h":112},"sourceSize":{"w":65,"h":112}},"img_baccarat_poker_front_27_6.png":{"frame":{"x":469,"y":0,"w":65,"h":112,"idx":0},"rotated":false,"trimed":false,"spriteSourceSize":{"x":0,"y":0,"w":65,"h":112},"sourceSize":{"w":65,"h":112}},"img_baccarat_poker_front_27_7.png":{"frame":{"x":469,"y":114,"w":65,"h":112,"idx":0},"rotated":false,"trimed":false,"spriteSourceSize":{"x":0,"y":0,"w":65,"h":112},"sourceSize":{"w":65,"h":112}},"img_baccarat_poker_front_27_8.png":{"frame":{"x":469,"y":228,"w":65,"h":112,"idx":0},"rotated":false,"trimed":false,"spriteSourceSize":{"x":0,"y":0,"w":65,"h":112},"sourceSize":{"w":65,"h":112}},"img_baccarat_poker_front_28_3.png":{"frame":{"x":469,"y":342,"w":65,"h":112,"idx":0},"rotated":false,"trimed":false,"spriteSourceSize":{"x":0,"y":0,"w":65,"h":112},"sourceSize":{"w":65,"h":112}},"img_baccarat_poker_front_28_4.png":{"frame":{"x":469,"y":456,"w":65,"h":112,"idx":0},"rotated":false,"trimed":false,"spriteSourceSize":{"x":0,"y":0,"w":65,"h":112},"sourceSize":{"w":65,"h":112}},"img_baccarat_poker_front_28_5.png":{"frame":{"x":469,"y":570,"w":65,"h":112,"idx":0},"rotated":false,"trimed":false,"spriteSourceSize":{"x":0,"y":0,"w":65,"h":112},"sourceSize":{"w":65,"h":112}},"img_baccarat_poker_front_28_6.png":{"frame":{"x":469,"y":684,"w":65,"h":112,"idx":0},"rotated":false,"trimed":false,"spriteSourceSize":{"x":0,"y":0,"w":65,"h":112},"sourceSize":{"w":65,"h":112}},"img_baccarat_poker_front_28_7.png":{"frame":{"x":469,"y":798,"w":65,"h":112,"idx":0},"rotated":false,"trimed":false,"spriteSourceSize":{"x":0,"y":0,"w":65,"h":112},"sourceSize":{"w":65,"h":112}},"img_baccarat_poker_front_28_8.png":{"frame":{"x":469,"y":912,"w":65,"h":112,"idx":0},"rotated":false,"trimed":false,"spriteSourceSize":{"x":0,"y":0,"w":65,"h":112},"sourceSize":{"w":65,"h":112}},"img_baccarat_poker_front_29_3.png":{"frame":{"x":469,"y":1026,"w":65,"h":112,"idx":0},"rotated":false,"trimed":false,"spriteSourceSize":{"x":0,"y":0,"w":65,"h":112},"sourceSize":{"w":65,"h":112}},"img_baccarat_poker_front_29_4.png":{"frame":{"x":469,"y":1140,"w":65,"h":112,"idx":0},"rotated":false,"trimed":false,"spriteSourceSize":{"x":0,"y":0,"w":65,"h":112},"sourceSize":{"w":65,"h":112}},"img_baccarat_poker_front_29_5.png":{"frame":{"x":469,"y":1254,"w":65,"h":112,"idx":0},"rotated":false,"trimed":false,"spriteSourceSize":{"x":0,"y":0,"w":65,"h":112},"sourceSize":{"w":65,"h":112}},"img_baccarat_poker_front_29_6.png":{"frame":{"x":469,"y":1368,"w":65,"h":112,"idx":0},"rotated":false,"trimed":false,"spriteSourceSize":{"x":0,"y":0,"w":65,"h":112},"sourceSize":{"w":65,"h":112}},"img_baccarat_poker_front_29_7.png":{"frame":{"x":469,"y":1482,"w":65,"h":112,"idx":0},"rotated":false,"trimed":false,"spriteSourceSize":{"x":0,"y":0,"w":65,"h":112},"sourceSize":{"w":65,"h":112}},"img_baccarat_poker_front_29_8.png":{"frame":{"x":469,"y":1596,"w":65,"h":112,"idx":0},"rotated":false,"trimed":false,"spriteSourceSize":{"x":0,"y":0,"w":65,"h":112},"sourceSize":{"w":65,"h":112}},"img_baccarat_poker_front_2_3.png":{"frame":{"x":469,"y":1710,"w":65,"h":112,"idx":0},"rotated":false,"trimed":false,"spriteSourceSize":{"x":0,"y":0,"w":65,"h":112},"sourceSize":{"w":65,"h":112}},"img_baccarat_poker_front_2_4.png":{"frame":{"x":469,"y":1824,"w":65,"h":112,"idx":0},"rotated":false,"trimed":false,"spriteSourceSize":{"x":0,"y":0,"w":65,"h":112},"sourceSize":{"w":65,"h":112}},"img_baccarat_poker_front_2_5.png":{"frame":{"x":536,"y":0,"w":65,"h":112,"idx":0},"rotated":false,"trimed":false,"spriteSourceSize":{"x":0,"y":0,"w":65,"h":112},"sourceSize":{"w":65,"h":112}},"img_baccarat_poker_front_2_6.png":{"frame":{"x":536,"y":114,"w":65,"h":112,"idx":0},"rotated":false,"trimed":false,"spriteSourceSize":{"x":0,"y":0,"w":65,"h":112},"sourceSize":{"w":65,"h":112}},"img_baccarat_poker_front_2_7.png":{"frame":{"x":536,"y":228,"w":65,"h":112,"idx":0},"rotated":false,"trimed":false,"spriteSourceSize":{"x":0,"y":0,"w":65,"h":112},"sourceSize":{"w":65,"h":112}},"img_baccarat_poker_front_2_8.png":{"frame":{"x":536,"y":342,"w":65,"h":112,"idx":0},"rotated":false,"trimed":false,"spriteSourceSize":{"x":0,"y":0,"w":65,"h":112},"sourceSize":{"w":65,"h":112}},"img_baccarat_poker_front_30_3.png":{"frame":{"x":536,"y":456,"w":65,"h":112,"idx":0},"rotated":false,"trimed":false,"spriteSourceSize":{"x":0,"y":0,"w":65,"h":112},"sourceSize":{"w":65,"h":112}},"img_baccarat_poker_front_30_4.png":{"frame":{"x":536,"y":570,"w":65,"h":112,"idx":0},"rotated":false,"trimed":false,"spriteSourceSize":{"x":0,"y":0,"w":65,"h":112},"sourceSize":{"w":65,"h":112}},"img_baccarat_poker_front_30_5.png":{"frame":{"x":536,"y":684,"w":65,"h":112,"idx":0},"rotated":false,"trimed":false,"spriteSourceSize":{"x":0,"y":0,"w":65,"h":112},"sourceSize":{"w":65,"h":112}},"img_baccarat_poker_front_30_6.png":{"frame":{"x":536,"y":798,"w":65,"h":112,"idx":0},"rotated":false,"trimed":false,"spriteSourceSize":{"x":0,"y":0,"w":65,"h":112},"sourceSize":{"w":65,"h":112}},"img_baccarat_poker_front_30_7.png":{"frame":{"x":536,"y":912,"w":65,"h":112,"idx":0},"rotated":false,"trimed":false,"spriteSourceSize":{"x":0,"y":0,"w":65,"h":112},"sourceSize":{"w":65,"h":112}},"img_baccarat_poker_front_30_8.png":{"frame":{"x":536,"y":1026,"w":65,"h":112,"idx":0},"rotated":false,"trimed":false,"spriteSourceSize":{"x":0,"y":0,"w":65,"h":112},"sourceSize":{"w":65,"h":112}},"img_baccarat_poker_front_31_3.png":{"frame":{"x":536,"y":1140,"w":65,"h":112,"idx":0},"rotated":false,"trimed":false,"spriteSourceSize":{"x":0,"y":0,"w":65,"h":112},"sourceSize":{"w":65,"h":112}},"img_baccarat_poker_front_31_4.png":{"frame":{"x":536,"y":1254,"w":65,"h":112,"idx":0},"rotated":false,"trimed":false,"spriteSourceSize":{"x":0,"y":0,"w":65,"h":112},"sourceSize":{"w":65,"h":112}},"img_baccarat_poker_front_31_5.png":{"frame":{"x":536,"y":1368,"w":65,"h":112,"idx":0},"rotated":false,"trimed":false,"spriteSourceSize":{"x":0,"y":0,"w":65,"h":112},"sourceSize":{"w":65,"h":112}},"img_baccarat_poker_front_31_6.png":{"frame":{"x":536,"y":1482,"w":65,"h":112,"idx":0},"rotated":false,"trimed":false,"spriteSourceSize":{"x":0,"y":0,"w":65,"h":112},"sourceSize":{"w":65,"h":112}},"img_baccarat_poker_front_31_7.png":{"frame":{"x":536,"y":1596,"w":65,"h":112,"idx":0},"rotated":false,"trimed":false,"spriteSourceSize":{"x":0,"y":0,"w":65,"h":112},"sourceSize":{"w":65,"h":112}},"img_baccarat_poker_front_31_8.png":{"frame":{"x":536,"y":1710,"w":65,"h":112,"idx":0},"rotated":false,"trimed":false,"spriteSourceSize":{"x":0,"y":0,"w":65,"h":112},"sourceSize":{"w":65,"h":112}},"img_baccarat_poker_front_32_3.png":{"frame":{"x":536,"y":1824,"w":65,"h":112,"idx":0},"rotated":false,"trimed":false,"spriteSourceSize":{"x":0,"y":0,"w":65,"h":112},"sourceSize":{"w":65,"h":112}},"img_baccarat_poker_front_32_4.png":{"frame":{"x":603,"y":0,"w":65,"h":112,"idx":0},"rotated":false,"trimed":false,"spriteSourceSize":{"x":0,"y":0,"w":65,"h":112},"sourceSize":{"w":65,"h":112}},"img_baccarat_poker_front_32_5.png":{"frame":{"x":603,"y":114,"w":65,"h":112,"idx":0},"rotated":false,"trimed":false,"spriteSourceSize":{"x":0,"y":0,"w":65,"h":112},"sourceSize":{"w":65,"h":112}},"img_baccarat_poker_front_32_6.png":{"frame":{"x":603,"y":228,"w":65,"h":112,"idx":0},"rotated":false,"trimed":false,"spriteSourceSize":{"x":0,"y":0,"w":65,"h":112},"sourceSize":{"w":65,"h":112}},"img_baccarat_poker_front_32_7.png":{"frame":{"x":603,"y":342,"w":65,"h":112,"idx":0},"rotated":false,"trimed":false,"spriteSourceSize":{"x":0,"y":0,"w":65,"h":112},"sourceSize":{"w":65,"h":112}},"img_baccarat_poker_front_32_8.png":{"frame":{"x":603,"y":456,"w":65,"h":112,"idx":0},"rotated":false,"trimed":false,"spriteSourceSize":{"x":0,"y":0,"w":65,"h":112},"sourceSize":{"w":65,"h":112}},"img_baccarat_poker_front_33_3.png":{"frame":{"x":603,"y":570,"w":65,"h":112,"idx":0},"rotated":false,"trimed":false,"spriteSourceSize":{"x":0,"y":0,"w":65,"h":112},"sourceSize":{"w":65,"h":112}},"img_baccarat_poker_front_33_4.png":{"frame":{"x":603,"y":684,"w":65,"h":112,"idx":0},"rotated":false,"trimed":false,"spriteSourceSize":{"x":0,"y":0,"w":65,"h":112},"sourceSize":{"w":65,"h":112}},"img_baccarat_poker_front_33_5.png":{"frame":{"x":603,"y":798,"w":65,"h":112,"idx":0},"rotated":false,"trimed":false,"spriteSourceSize":{"x":0,"y":0,"w":65,"h":112},"sourceSize":{"w":65,"h":112}},"img_baccarat_poker_front_33_6.png":{"frame":{"x":603,"y":912,"w":65,"h":112,"idx":0},"rotated":false,"trimed":false,"spriteSourceSize":{"x":0,"y":0,"w":65,"h":112},"sourceSize":{"w":65,"h":112}},"img_baccarat_poker_front_33_7.png":{"frame":{"x":603,"y":1026,"w":65,"h":112,"idx":0},"rotated":false,"trimed":false,"spriteSourceSize":{"x":0,"y":0,"w":65,"h":112},"sourceSize":{"w":65,"h":112}},"img_baccarat_poker_front_33_8.png":{"frame":{"x":603,"y":1140,"w":65,"h":112,"idx":0},"rotated":false,"trimed":false,"spriteSourceSize":{"x":0,"y":0,"w":65,"h":112},"sourceSize":{"w":65,"h":112}},"img_baccarat_poker_front_34_3.png":{"frame":{"x":603,"y":1254,"w":65,"h":112,"idx":0},"rotated":false,"trimed":false,"spriteSourceSize":{"x":0,"y":0,"w":65,"h":112},"sourceSize":{"w":65,"h":112}},"img_baccarat_poker_front_34_4.png":{"frame":{"x":603,"y":1368,"w":65,"h":112,"idx":0},"rotated":false,"trimed":false,"spriteSourceSize":{"x":0,"y":0,"w":65,"h":112},"sourceSize":{"w":65,"h":112}},"img_baccarat_poker_front_34_5.png":{"frame":{"x":603,"y":1482,"w":65,"h":112,"idx":0},"rotated":false,"trimed":false,"spriteSourceSize":{"x":0,"y":0,"w":65,"h":112},"sourceSize":{"w":65,"h":112}},"img_baccarat_poker_front_34_6.png":{"frame":{"x":603,"y":1596,"w":65,"h":112,"idx":0},"rotated":false,"trimed":false,"spriteSourceSize":{"x":0,"y":0,"w":65,"h":112},"sourceSize":{"w":65,"h":112}},"img_baccarat_poker_front_34_7.png":{"frame":{"x":603,"y":1710,"w":65,"h":112,"idx":0},"rotated":false,"trimed":false,"spriteSourceSize":{"x":0,"y":0,"w":65,"h":112},"sourceSize":{"w":65,"h":112}},"img_baccarat_poker_front_34_8.png":{"frame":{"x":603,"y":1824,"w":65,"h":112,"idx":0},"rotated":false,"trimed":false,"spriteSourceSize":{"x":0,"y":0,"w":65,"h":112},"sourceSize":{"w":65,"h":112}},"img_baccarat_poker_front_35_3.png":{"frame":{"x":670,"y":0,"w":65,"h":112,"idx":0},"rotated":false,"trimed":false,"spriteSourceSize":{"x":0,"y":0,"w":65,"h":112},"sourceSize":{"w":65,"h":112}},"img_baccarat_poker_front_35_4.png":{"frame":{"x":670,"y":114,"w":65,"h":112,"idx":0},"rotated":false,"trimed":false,"spriteSourceSize":{"x":0,"y":0,"w":65,"h":112},"sourceSize":{"w":65,"h":112}},"img_baccarat_poker_front_35_5.png":{"frame":{"x":670,"y":228,"w":65,"h":112,"idx":0},"rotated":false,"trimed":false,"spriteSourceSize":{"x":0,"y":0,"w":65,"h":112},"sourceSize":{"w":65,"h":112}},"img_baccarat_poker_front_35_6.png":{"frame":{"x":670,"y":342,"w":65,"h":112,"idx":0},"rotated":false,"trimed":false,"spriteSourceSize":{"x":0,"y":0,"w":65,"h":112},"sourceSize":{"w":65,"h":112}},"img_baccarat_poker_front_35_7.png":{"frame":{"x":670,"y":456,"w":65,"h":112,"idx":0},"rotated":false,"trimed":false,"spriteSourceSize":{"x":0,"y":0,"w":65,"h":112},"sourceSize":{"w":65,"h":112}},"img_baccarat_poker_front_35_8.png":{"frame":{"x":670,"y":570,"w":65,"h":112,"idx":0},"rotated":false,"trimed":false,"spriteSourceSize":{"x":0,"y":0,"w":65,"h":112},"sourceSize":{"w":65,"h":112}},"img_baccarat_poker_front_36_3.png":{"frame":{"x":670,"y":684,"w":65,"h":112,"idx":0},"rotated":false,"trimed":false,"spriteSourceSize":{"x":0,"y":0,"w":65,"h":112},"sourceSize":{"w":65,"h":112}},"img_baccarat_poker_front_36_4.png":{"frame":{"x":670,"y":798,"w":65,"h":112,"idx":0},"rotated":false,"trimed":false,"spriteSourceSize":{"x":0,"y":0,"w":65,"h":112},"sourceSize":{"w":65,"h":112}},"img_baccarat_poker_front_36_5.png":{"frame":{"x":670,"y":912,"w":65,"h":112,"idx":0},"rotated":false,"trimed":false,"spriteSourceSize":{"x":0,"y":0,"w":65,"h":112},"sourceSize":{"w":65,"h":112}},"img_baccarat_poker_front_36_6.png":{"frame":{"x":670,"y":1026,"w":65,"h":112,"idx":0},"rotated":false,"trimed":false,"spriteSourceSize":{"x":0,"y":0,"w":65,"h":112},"sourceSize":{"w":65,"h":112}},"img_baccarat_poker_front_36_7.png":{"frame":{"x":670,"y":1140,"w":65,"h":112,"idx":0},"rotated":false,"trimed":false,"spriteSourceSize":{"x":0,"y":0,"w":65,"h":112},"sourceSize":{"w":65,"h":112}},"img_baccarat_poker_front_36_8.png":{"frame":{"x":670,"y":1254,"w":65,"h":112,"idx":0},"rotated":false,"trimed":false,"spriteSourceSize":{"x":0,"y":0,"w":65,"h":112},"sourceSize":{"w":65,"h":112}},"img_baccarat_poker_front_37_3.png":{"frame":{"x":670,"y":1368,"w":65,"h":112,"idx":0},"rotated":false,"trimed":false,"spriteSourceSize":{"x":0,"y":0,"w":65,"h":112},"sourceSize":{"w":65,"h":112}},"img_baccarat_poker_front_37_4.png":{"frame":{"x":670,"y":1482,"w":65,"h":112,"idx":0},"rotated":false,"trimed":false,"spriteSourceSize":{"x":0,"y":0,"w":65,"h":112},"sourceSize":{"w":65,"h":112}},"img_baccarat_poker_front_37_5.png":{"frame":{"x":670,"y":1596,"w":65,"h":112,"idx":0},"rotated":false,"trimed":false,"spriteSourceSize":{"x":0,"y":0,"w":65,"h":112},"sourceSize":{"w":65,"h":112}},"img_baccarat_poker_front_37_6.png":{"frame":{"x":670,"y":1710,"w":65,"h":112,"idx":0},"rotated":false,"trimed":false,"spriteSourceSize":{"x":0,"y":0,"w":65,"h":112},"sourceSize":{"w":65,"h":112}},"img_baccarat_poker_front_37_7.png":{"frame":{"x":670,"y":1824,"w":65,"h":112,"idx":0},"rotated":false,"trimed":false,"spriteSourceSize":{"x":0,"y":0,"w":65,"h":112},"sourceSize":{"w":65,"h":112}},"img_baccarat_poker_front_37_8.png":{"frame":{"x":737,"y":0,"w":65,"h":112,"idx":0},"rotated":false,"trimed":false,"spriteSourceSize":{"x":0,"y":0,"w":65,"h":112},"sourceSize":{"w":65,"h":112}},"img_baccarat_poker_front_38_3.png":{"frame":{"x":737,"y":114,"w":65,"h":112,"idx":0},"rotated":false,"trimed":false,"spriteSourceSize":{"x":0,"y":0,"w":65,"h":112},"sourceSize":{"w":65,"h":112}},"img_baccarat_poker_front_38_4.png":{"frame":{"x":737,"y":228,"w":65,"h":112,"idx":0},"rotated":false,"trimed":false,"spriteSourceSize":{"x":0,"y":0,"w":65,"h":112},"sourceSize":{"w":65,"h":112}},"img_baccarat_poker_front_38_5.png":{"frame":{"x":737,"y":342,"w":65,"h":112,"idx":0},"rotated":false,"trimed":false,"spriteSourceSize":{"x":0,"y":0,"w":65,"h":112},"sourceSize":{"w":65,"h":112}},"img_baccarat_poker_front_38_6.png":{"frame":{"x":737,"y":456,"w":65,"h":112,"idx":0},"rotated":false,"trimed":false,"spriteSourceSize":{"x":0,"y":0,"w":65,"h":112},"sourceSize":{"w":65,"h":112}},"img_baccarat_poker_front_38_7.png":{"frame":{"x":737,"y":570,"w":65,"h":112,"idx":0},"rotated":false,"trimed":false,"spriteSourceSize":{"x":0,"y":0,"w":65,"h":112},"sourceSize":{"w":65,"h":112}},"img_baccarat_poker_front_38_8.png":{"frame":{"x":737,"y":684,"w":65,"h":112,"idx":0},"rotated":false,"trimed":false,"spriteSourceSize":{"x":0,"y":0,"w":65,"h":112},"sourceSize":{"w":65,"h":112}},"img_baccarat_poker_front_39_3.png":{"frame":{"x":737,"y":798,"w":65,"h":112,"idx":0},"rotated":false,"trimed":false,"spriteSourceSize":{"x":0,"y":0,"w":65,"h":112},"sourceSize":{"w":65,"h":112}},"img_baccarat_poker_front_39_4.png":{"frame":{"x":737,"y":912,"w":65,"h":112,"idx":0},"rotated":false,"trimed":false,"spriteSourceSize":{"x":0,"y":0,"w":65,"h":112},"sourceSize":{"w":65,"h":112}},"img_baccarat_poker_front_39_5.png":{"frame":{"x":737,"y":1026,"w":65,"h":112,"idx":0},"rotated":false,"trimed":false,"spriteSourceSize":{"x":0,"y":0,"w":65,"h":112},"sourceSize":{"w":65,"h":112}},"img_baccarat_poker_front_39_6.png":{"frame":{"x":737,"y":1140,"w":65,"h":112,"idx":0},"rotated":false,"trimed":false,"spriteSourceSize":{"x":0,"y":0,"w":65,"h":112},"sourceSize":{"w":65,"h":112}},"img_baccarat_poker_front_39_7.png":{"frame":{"x":737,"y":1254,"w":65,"h":112,"idx":0},"rotated":false,"trimed":false,"spriteSourceSize":{"x":0,"y":0,"w":65,"h":112},"sourceSize":{"w":65,"h":112}},"img_baccarat_poker_front_39_8.png":{"frame":{"x":737,"y":1368,"w":65,"h":112,"idx":0},"rotated":false,"trimed":false,"spriteSourceSize":{"x":0,"y":0,"w":65,"h":112},"sourceSize":{"w":65,"h":112}},"img_baccarat_poker_front_3_3.png":{"frame":{"x":737,"y":1482,"w":65,"h":112,"idx":0},"rotated":false,"trimed":false,"spriteSourceSize":{"x":0,"y":0,"w":65,"h":112},"sourceSize":{"w":65,"h":112}},"img_baccarat_poker_front_3_4.png":{"frame":{"x":737,"y":1596,"w":65,"h":112,"idx":0},"rotated":false,"trimed":false,"spriteSourceSize":{"x":0,"y":0,"w":65,"h":112},"sourceSize":{"w":65,"h":112}},"img_baccarat_poker_front_3_5.png":{"frame":{"x":737,"y":1710,"w":65,"h":112,"idx":0},"rotated":false,"trimed":false,"spriteSourceSize":{"x":0,"y":0,"w":65,"h":112},"sourceSize":{"w":65,"h":112}},"img_baccarat_poker_front_3_6.png":{"frame":{"x":737,"y":1824,"w":65,"h":112,"idx":0},"rotated":false,"trimed":false,"spriteSourceSize":{"x":0,"y":0,"w":65,"h":112},"sourceSize":{"w":65,"h":112}},"img_baccarat_poker_front_3_7.png":{"frame":{"x":804,"y":0,"w":65,"h":112,"idx":0},"rotated":false,"trimed":false,"spriteSourceSize":{"x":0,"y":0,"w":65,"h":112},"sourceSize":{"w":65,"h":112}},"img_baccarat_poker_front_3_8.png":{"frame":{"x":804,"y":114,"w":65,"h":112,"idx":0},"rotated":false,"trimed":false,"spriteSourceSize":{"x":0,"y":0,"w":65,"h":112},"sourceSize":{"w":65,"h":112}},"img_baccarat_poker_front_40_3.png":{"frame":{"x":804,"y":228,"w":65,"h":112,"idx":0},"rotated":false,"trimed":false,"spriteSourceSize":{"x":0,"y":0,"w":65,"h":112},"sourceSize":{"w":65,"h":112}},"img_baccarat_poker_front_40_4.png":{"frame":{"x":804,"y":342,"w":65,"h":112,"idx":0},"rotated":false,"trimed":false,"spriteSourceSize":{"x":0,"y":0,"w":65,"h":112},"sourceSize":{"w":65,"h":112}},"img_baccarat_poker_front_40_5.png":{"frame":{"x":804,"y":456,"w":65,"h":112,"idx":0},"rotated":false,"trimed":false,"spriteSourceSize":{"x":0,"y":0,"w":65,"h":112},"sourceSize":{"w":65,"h":112}},"img_baccarat_poker_front_40_6.png":{"frame":{"x":804,"y":570,"w":65,"h":112,"idx":0},"rotated":false,"trimed":false,"spriteSourceSize":{"x":0,"y":0,"w":65,"h":112},"sourceSize":{"w":65,"h":112}},"img_baccarat_poker_front_40_7.png":{"frame":{"x":804,"y":684,"w":65,"h":112,"idx":0},"rotated":false,"trimed":false,"spriteSourceSize":{"x":0,"y":0,"w":65,"h":112},"sourceSize":{"w":65,"h":112}},"img_baccarat_poker_front_40_8.png":{"frame":{"x":804,"y":798,"w":65,"h":112,"idx":0},"rotated":false,"trimed":false,"spriteSourceSize":{"x":0,"y":0,"w":65,"h":112},"sourceSize":{"w":65,"h":112}},"img_baccarat_poker_front_41_3.png":{"frame":{"x":804,"y":912,"w":65,"h":112,"idx":0},"rotated":false,"trimed":false,"spriteSourceSize":{"x":0,"y":0,"w":65,"h":112},"sourceSize":{"w":65,"h":112}},"img_baccarat_poker_front_41_4.png":{"frame":{"x":804,"y":1026,"w":65,"h":112,"idx":0},"rotated":false,"trimed":false,"spriteSourceSize":{"x":0,"y":0,"w":65,"h":112},"sourceSize":{"w":65,"h":112}},"img_baccarat_poker_front_41_5.png":{"frame":{"x":804,"y":1140,"w":65,"h":112,"idx":0},"rotated":false,"trimed":false,"spriteSourceSize":{"x":0,"y":0,"w":65,"h":112},"sourceSize":{"w":65,"h":112}},"img_baccarat_poker_front_41_6.png":{"frame":{"x":804,"y":1254,"w":65,"h":112,"idx":0},"rotated":false,"trimed":false,"spriteSourceSize":{"x":0,"y":0,"w":65,"h":112},"sourceSize":{"w":65,"h":112}},"img_baccarat_poker_front_41_7.png":{"frame":{"x":804,"y":1368,"w":65,"h":112,"idx":0},"rotated":false,"trimed":false,"spriteSourceSize":{"x":0,"y":0,"w":65,"h":112},"sourceSize":{"w":65,"h":112}},"img_baccarat_poker_front_41_8.png":{"frame":{"x":804,"y":1482,"w":65,"h":112,"idx":0},"rotated":false,"trimed":false,"spriteSourceSize":{"x":0,"y":0,"w":65,"h":112},"sourceSize":{"w":65,"h":112}},"img_baccarat_poker_front_42_3.png":{"frame":{"x":804,"y":1596,"w":65,"h":112,"idx":0},"rotated":false,"trimed":false,"spriteSourceSize":{"x":0,"y":0,"w":65,"h":112},"sourceSize":{"w":65,"h":112}},"img_baccarat_poker_front_42_4.png":{"frame":{"x":804,"y":1710,"w":65,"h":112,"idx":0},"rotated":false,"trimed":false,"spriteSourceSize":{"x":0,"y":0,"w":65,"h":112},"sourceSize":{"w":65,"h":112}},"img_baccarat_poker_front_42_5.png":{"frame":{"x":804,"y":1824,"w":65,"h":112,"idx":0},"rotated":false,"trimed":false,"spriteSourceSize":{"x":0,"y":0,"w":65,"h":112},"sourceSize":{"w":65,"h":112}},"img_baccarat_poker_front_42_6.png":{"frame":{"x":871,"y":0,"w":65,"h":112,"idx":0},"rotated":false,"trimed":false,"spriteSourceSize":{"x":0,"y":0,"w":65,"h":112},"sourceSize":{"w":65,"h":112}},"img_baccarat_poker_front_42_7.png":{"frame":{"x":938,"y":0,"w":65,"h":112,"idx":0},"rotated":false,"trimed":false,"spriteSourceSize":{"x":0,"y":0,"w":65,"h":112},"sourceSize":{"w":65,"h":112}},"img_baccarat_poker_front_42_8.png":{"frame":{"x":1005,"y":0,"w":65,"h":112,"idx":0},"rotated":false,"trimed":false,"spriteSourceSize":{"x":0,"y":0,"w":65,"h":112},"sourceSize":{"w":65,"h":112}},"img_baccarat_poker_front_43_3.png":{"frame":{"x":1072,"y":0,"w":65,"h":112,"idx":0},"rotated":false,"trimed":false,"spriteSourceSize":{"x":0,"y":0,"w":65,"h":112},"sourceSize":{"w":65,"h":112}},"img_baccarat_poker_front_43_4.png":{"frame":{"x":1139,"y":0,"w":65,"h":112,"idx":0},"rotated":false,"trimed":false,"spriteSourceSize":{"x":0,"y":0,"w":65,"h":112},"sourceSize":{"w":65,"h":112}},"img_baccarat_poker_front_43_5.png":{"frame":{"x":1206,"y":0,"w":65,"h":112,"idx":0},"rotated":false,"trimed":false,"spriteSourceSize":{"x":0,"y":0,"w":65,"h":112},"sourceSize":{"w":65,"h":112}},"img_baccarat_poker_front_43_6.png":{"frame":{"x":1273,"y":0,"w":65,"h":112,"idx":0},"rotated":false,"trimed":false,"spriteSourceSize":{"x":0,"y":0,"w":65,"h":112},"sourceSize":{"w":65,"h":112}},"img_baccarat_poker_front_43_7.png":{"frame":{"x":1340,"y":0,"w":65,"h":112,"idx":0},"rotated":false,"trimed":false,"spriteSourceSize":{"x":0,"y":0,"w":65,"h":112},"sourceSize":{"w":65,"h":112}},"img_baccarat_poker_front_43_8.png":{"frame":{"x":1407,"y":0,"w":65,"h":112,"idx":0},"rotated":false,"trimed":false,"spriteSourceSize":{"x":0,"y":0,"w":65,"h":112},"sourceSize":{"w":65,"h":112}},"img_baccarat_poker_front_44_3.png":{"frame":{"x":1474,"y":0,"w":65,"h":112,"idx":0},"rotated":false,"trimed":false,"spriteSourceSize":{"x":0,"y":0,"w":65,"h":112},"sourceSize":{"w":65,"h":112}},"img_baccarat_poker_front_44_4.png":{"frame":{"x":1541,"y":0,"w":65,"h":112,"idx":0},"rotated":false,"trimed":false,"spriteSourceSize":{"x":0,"y":0,"w":65,"h":112},"sourceSize":{"w":65,"h":112}},"img_baccarat_poker_front_44_5.png":{"frame":{"x":1608,"y":0,"w":65,"h":112,"idx":0},"rotated":false,"trimed":false,"spriteSourceSize":{"x":0,"y":0,"w":65,"h":112},"sourceSize":{"w":65,"h":112}},"img_baccarat_poker_front_44_6.png":{"frame":{"x":1675,"y":0,"w":65,"h":112,"idx":0},"rotated":false,"trimed":false,"spriteSourceSize":{"x":0,"y":0,"w":65,"h":112},"sourceSize":{"w":65,"h":112}},"img_baccarat_poker_front_44_7.png":{"frame":{"x":1742,"y":0,"w":65,"h":112,"idx":0},"rotated":false,"trimed":false,"spriteSourceSize":{"x":0,"y":0,"w":65,"h":112},"sourceSize":{"w":65,"h":112}},"img_baccarat_poker_front_44_8.png":{"frame":{"x":1809,"y":0,"w":65,"h":112,"idx":0},"rotated":false,"trimed":false,"spriteSourceSize":{"x":0,"y":0,"w":65,"h":112},"sourceSize":{"w":65,"h":112}},"img_baccarat_poker_front_45_3.png":{"frame":{"x":1876,"y":0,"w":65,"h":112,"idx":0},"rotated":false,"trimed":false,"spriteSourceSize":{"x":0,"y":0,"w":65,"h":112},"sourceSize":{"w":65,"h":112}},"img_baccarat_poker_front_45_4.png":{"frame":{"x":1943,"y":0,"w":65,"h":112,"idx":0},"rotated":false,"trimed":false,"spriteSourceSize":{"x":0,"y":0,"w":65,"h":112},"sourceSize":{"w":65,"h":112}},"img_baccarat_poker_front_45_5.png":{"frame":{"x":871,"y":114,"w":65,"h":112,"idx":0},"rotated":false,"trimed":false,"spriteSourceSize":{"x":0,"y":0,"w":65,"h":112},"sourceSize":{"w":65,"h":112}},"img_baccarat_poker_front_45_6.png":{"frame":{"x":871,"y":228,"w":65,"h":112,"idx":0},"rotated":false,"trimed":false,"spriteSourceSize":{"x":0,"y":0,"w":65,"h":112},"sourceSize":{"w":65,"h":112}},"img_baccarat_poker_front_45_7.png":{"frame":{"x":871,"y":342,"w":65,"h":112,"idx":0},"rotated":false,"trimed":false,"spriteSourceSize":{"x":0,"y":0,"w":65,"h":112},"sourceSize":{"w":65,"h":112}},"img_baccarat_poker_front_45_8.png":{"frame":{"x":871,"y":456,"w":65,"h":112,"idx":0},"rotated":false,"trimed":false,"spriteSourceSize":{"x":0,"y":0,"w":65,"h":112},"sourceSize":{"w":65,"h":112}},"img_baccarat_poker_front_46_3.png":{"frame":{"x":871,"y":570,"w":65,"h":112,"idx":0},"rotated":false,"trimed":false,"spriteSourceSize":{"x":0,"y":0,"w":65,"h":112},"sourceSize":{"w":65,"h":112}},"img_baccarat_poker_front_46_4.png":{"frame":{"x":871,"y":684,"w":65,"h":112,"idx":0},"rotated":false,"trimed":false,"spriteSourceSize":{"x":0,"y":0,"w":65,"h":112},"sourceSize":{"w":65,"h":112}},"img_baccarat_poker_front_46_5.png":{"frame":{"x":871,"y":798,"w":65,"h":112,"idx":0},"rotated":false,"trimed":false,"spriteSourceSize":{"x":0,"y":0,"w":65,"h":112},"sourceSize":{"w":65,"h":112}},"img_baccarat_poker_front_46_6.png":{"frame":{"x":871,"y":912,"w":65,"h":112,"idx":0},"rotated":false,"trimed":false,"spriteSourceSize":{"x":0,"y":0,"w":65,"h":112},"sourceSize":{"w":65,"h":112}},"img_baccarat_poker_front_46_7.png":{"frame":{"x":871,"y":1026,"w":65,"h":112,"idx":0},"rotated":false,"trimed":false,"spriteSourceSize":{"x":0,"y":0,"w":65,"h":112},"sourceSize":{"w":65,"h":112}},"img_baccarat_poker_front_46_8.png":{"frame":{"x":871,"y":1140,"w":65,"h":112,"idx":0},"rotated":false,"trimed":false,"spriteSourceSize":{"x":0,"y":0,"w":65,"h":112},"sourceSize":{"w":65,"h":112}},"img_baccarat_poker_front_47_3.png":{"frame":{"x":871,"y":1254,"w":65,"h":112,"idx":0},"rotated":false,"trimed":false,"spriteSourceSize":{"x":0,"y":0,"w":65,"h":112},"sourceSize":{"w":65,"h":112}},"img_baccarat_poker_front_47_4.png":{"frame":{"x":871,"y":1368,"w":65,"h":112,"idx":0},"rotated":false,"trimed":false,"spriteSourceSize":{"x":0,"y":0,"w":65,"h":112},"sourceSize":{"w":65,"h":112}},"img_baccarat_poker_front_47_5.png":{"frame":{"x":871,"y":1482,"w":65,"h":112,"idx":0},"rotated":false,"trimed":false,"spriteSourceSize":{"x":0,"y":0,"w":65,"h":112},"sourceSize":{"w":65,"h":112}},"img_baccarat_poker_front_47_6.png":{"frame":{"x":871,"y":1596,"w":65,"h":112,"idx":0},"rotated":false,"trimed":false,"spriteSourceSize":{"x":0,"y":0,"w":65,"h":112},"sourceSize":{"w":65,"h":112}},"img_baccarat_poker_front_47_7.png":{"frame":{"x":871,"y":1710,"w":65,"h":112,"idx":0},"rotated":false,"trimed":false,"spriteSourceSize":{"x":0,"y":0,"w":65,"h":112},"sourceSize":{"w":65,"h":112}},"img_baccarat_poker_front_47_8.png":{"frame":{"x":871,"y":1824,"w":65,"h":112,"idx":0},"rotated":false,"trimed":false,"spriteSourceSize":{"x":0,"y":0,"w":65,"h":112},"sourceSize":{"w":65,"h":112}},"img_baccarat_poker_front_48_3.png":{"frame":{"x":938,"y":114,"w":65,"h":112,"idx":0},"rotated":false,"trimed":false,"spriteSourceSize":{"x":0,"y":0,"w":65,"h":112},"sourceSize":{"w":65,"h":112}},"img_baccarat_poker_front_48_4.png":{"frame":{"x":1005,"y":114,"w":65,"h":112,"idx":0},"rotated":false,"trimed":false,"spriteSourceSize":{"x":0,"y":0,"w":65,"h":112},"sourceSize":{"w":65,"h":112}},"img_baccarat_poker_front_48_5.png":{"frame":{"x":1072,"y":114,"w":65,"h":112,"idx":0},"rotated":false,"trimed":false,"spriteSourceSize":{"x":0,"y":0,"w":65,"h":112},"sourceSize":{"w":65,"h":112}},"img_baccarat_poker_front_48_6.png":{"frame":{"x":1139,"y":114,"w":65,"h":112,"idx":0},"rotated":false,"trimed":false,"spriteSourceSize":{"x":0,"y":0,"w":65,"h":112},"sourceSize":{"w":65,"h":112}},"img_baccarat_poker_front_48_7.png":{"frame":{"x":1206,"y":114,"w":65,"h":112,"idx":0},"rotated":false,"trimed":false,"spriteSourceSize":{"x":0,"y":0,"w":65,"h":112},"sourceSize":{"w":65,"h":112}},"img_baccarat_poker_front_48_8.png":{"frame":{"x":1273,"y":114,"w":65,"h":112,"idx":0},"rotated":false,"trimed":false,"spriteSourceSize":{"x":0,"y":0,"w":65,"h":112},"sourceSize":{"w":65,"h":112}},"img_baccarat_poker_front_49_3.png":{"frame":{"x":1340,"y":114,"w":65,"h":112,"idx":0},"rotated":false,"trimed":false,"spriteSourceSize":{"x":0,"y":0,"w":65,"h":112},"sourceSize":{"w":65,"h":112}},"img_baccarat_poker_front_49_4.png":{"frame":{"x":1407,"y":114,"w":65,"h":112,"idx":0},"rotated":false,"trimed":false,"spriteSourceSize":{"x":0,"y":0,"w":65,"h":112},"sourceSize":{"w":65,"h":112}},"img_baccarat_poker_front_49_5.png":{"frame":{"x":1474,"y":114,"w":65,"h":112,"idx":0},"rotated":false,"trimed":false,"spriteSourceSize":{"x":0,"y":0,"w":65,"h":112},"sourceSize":{"w":65,"h":112}},"img_baccarat_poker_front_49_6.png":{"frame":{"x":1541,"y":114,"w":65,"h":112,"idx":0},"rotated":false,"trimed":false,"spriteSourceSize":{"x":0,"y":0,"w":65,"h":112},"sourceSize":{"w":65,"h":112}},"img_baccarat_poker_front_49_7.png":{"frame":{"x":1608,"y":114,"w":65,"h":112,"idx":0},"rotated":false,"trimed":false,"spriteSourceSize":{"x":0,"y":0,"w":65,"h":112},"sourceSize":{"w":65,"h":112}},"img_baccarat_poker_front_49_8.png":{"frame":{"x":1675,"y":114,"w":65,"h":112,"idx":0},"rotated":false,"trimed":false,"spriteSourceSize":{"x":0,"y":0,"w":65,"h":112},"sourceSize":{"w":65,"h":112}},"img_baccarat_poker_front_4_3.png":{"frame":{"x":1742,"y":114,"w":65,"h":112,"idx":0},"rotated":false,"trimed":false,"spriteSourceSize":{"x":0,"y":0,"w":65,"h":112},"sourceSize":{"w":65,"h":112}},"img_baccarat_poker_front_4_4.png":{"frame":{"x":1809,"y":114,"w":65,"h":112,"idx":0},"rotated":false,"trimed":false,"spriteSourceSize":{"x":0,"y":0,"w":65,"h":112},"sourceSize":{"w":65,"h":112}},"img_baccarat_poker_front_4_5.png":{"frame":{"x":1876,"y":114,"w":65,"h":112,"idx":0},"rotated":false,"trimed":false,"spriteSourceSize":{"x":0,"y":0,"w":65,"h":112},"sourceSize":{"w":65,"h":112}},"img_baccarat_poker_front_4_6.png":{"frame":{"x":1943,"y":114,"w":65,"h":112,"idx":0},"rotated":false,"trimed":false,"spriteSourceSize":{"x":0,"y":0,"w":65,"h":112},"sourceSize":{"w":65,"h":112}},"img_baccarat_poker_front_4_7.png":{"frame":{"x":938,"y":228,"w":65,"h":112,"idx":0},"rotated":false,"trimed":false,"spriteSourceSize":{"x":0,"y":0,"w":65,"h":112},"sourceSize":{"w":65,"h":112}},"img_baccarat_poker_front_4_8.png":{"frame":{"x":938,"y":342,"w":65,"h":112,"idx":0},"rotated":false,"trimed":false,"spriteSourceSize":{"x":0,"y":0,"w":65,"h":112},"sourceSize":{"w":65,"h":112}},"img_baccarat_poker_front_50_3.png":{"frame":{"x":938,"y":456,"w":65,"h":112,"idx":0},"rotated":false,"trimed":false,"spriteSourceSize":{"x":0,"y":0,"w":65,"h":112},"sourceSize":{"w":65,"h":112}},"img_baccarat_poker_front_50_4.png":{"frame":{"x":938,"y":570,"w":65,"h":112,"idx":0},"rotated":false,"trimed":false,"spriteSourceSize":{"x":0,"y":0,"w":65,"h":112},"sourceSize":{"w":65,"h":112}},"img_baccarat_poker_front_50_5.png":{"frame":{"x":938,"y":684,"w":65,"h":112,"idx":0},"rotated":false,"trimed":false,"spriteSourceSize":{"x":0,"y":0,"w":65,"h":112},"sourceSize":{"w":65,"h":112}},"img_baccarat_poker_front_50_6.png":{"frame":{"x":938,"y":798,"w":65,"h":112,"idx":0},"rotated":false,"trimed":false,"spriteSourceSize":{"x":0,"y":0,"w":65,"h":112},"sourceSize":{"w":65,"h":112}},"img_baccarat_poker_front_50_7.png":{"frame":{"x":938,"y":912,"w":65,"h":112,"idx":0},"rotated":false,"trimed":false,"spriteSourceSize":{"x":0,"y":0,"w":65,"h":112},"sourceSize":{"w":65,"h":112}},"img_baccarat_poker_front_50_8.png":{"frame":{"x":938,"y":1026,"w":65,"h":112,"idx":0},"rotated":false,"trimed":false,"spriteSourceSize":{"x":0,"y":0,"w":65,"h":112},"sourceSize":{"w":65,"h":112}},"img_baccarat_poker_front_51_3.png":{"frame":{"x":938,"y":1140,"w":65,"h":112,"idx":0},"rotated":false,"trimed":false,"spriteSourceSize":{"x":0,"y":0,"w":65,"h":112},"sourceSize":{"w":65,"h":112}},"img_baccarat_poker_front_51_4.png":{"frame":{"x":938,"y":1254,"w":65,"h":112,"idx":0},"rotated":false,"trimed":false,"spriteSourceSize":{"x":0,"y":0,"w":65,"h":112},"sourceSize":{"w":65,"h":112}},"img_baccarat_poker_front_51_5.png":{"frame":{"x":938,"y":1368,"w":65,"h":112,"idx":0},"rotated":false,"trimed":false,"spriteSourceSize":{"x":0,"y":0,"w":65,"h":112},"sourceSize":{"w":65,"h":112}},"img_baccarat_poker_front_51_6.png":{"frame":{"x":938,"y":1482,"w":65,"h":112,"idx":0},"rotated":false,"trimed":false,"spriteSourceSize":{"x":0,"y":0,"w":65,"h":112},"sourceSize":{"w":65,"h":112}},"img_baccarat_poker_front_51_7.png":{"frame":{"x":938,"y":1596,"w":65,"h":112,"idx":0},"rotated":false,"trimed":false,"spriteSourceSize":{"x":0,"y":0,"w":65,"h":112},"sourceSize":{"w":65,"h":112}},"img_baccarat_poker_front_51_8.png":{"frame":{"x":938,"y":1710,"w":65,"h":112,"idx":0},"rotated":false,"trimed":false,"spriteSourceSize":{"x":0,"y":0,"w":65,"h":112},"sourceSize":{"w":65,"h":112}},"img_baccarat_poker_front_5_3.png":{"frame":{"x":938,"y":1824,"w":65,"h":112,"idx":0},"rotated":false,"trimed":false,"spriteSourceSize":{"x":0,"y":0,"w":65,"h":112},"sourceSize":{"w":65,"h":112}},"img_baccarat_poker_front_5_4.png":{"frame":{"x":1005,"y":228,"w":65,"h":112,"idx":0},"rotated":false,"trimed":false,"spriteSourceSize":{"x":0,"y":0,"w":65,"h":112},"sourceSize":{"w":65,"h":112}},"img_baccarat_poker_front_5_5.png":{"frame":{"x":1072,"y":228,"w":65,"h":112,"idx":0},"rotated":false,"trimed":false,"spriteSourceSize":{"x":0,"y":0,"w":65,"h":112},"sourceSize":{"w":65,"h":112}},"img_baccarat_poker_front_5_6.png":{"frame":{"x":1139,"y":228,"w":65,"h":112,"idx":0},"rotated":false,"trimed":false,"spriteSourceSize":{"x":0,"y":0,"w":65,"h":112},"sourceSize":{"w":65,"h":112}},"img_baccarat_poker_front_5_7.png":{"frame":{"x":1206,"y":228,"w":65,"h":112,"idx":0},"rotated":false,"trimed":false,"spriteSourceSize":{"x":0,"y":0,"w":65,"h":112},"sourceSize":{"w":65,"h":112}},"img_baccarat_poker_front_5_8.png":{"frame":{"x":1273,"y":228,"w":65,"h":112,"idx":0},"rotated":false,"trimed":false,"spriteSourceSize":{"x":0,"y":0,"w":65,"h":112},"sourceSize":{"w":65,"h":112}},"img_baccarat_poker_front_6_3.png":{"frame":{"x":1340,"y":228,"w":65,"h":112,"idx":0},"rotated":false,"trimed":false,"spriteSourceSize":{"x":0,"y":0,"w":65,"h":112},"sourceSize":{"w":65,"h":112}},"img_baccarat_poker_front_6_4.png":{"frame":{"x":1407,"y":228,"w":65,"h":112,"idx":0},"rotated":false,"trimed":false,"spriteSourceSize":{"x":0,"y":0,"w":65,"h":112},"sourceSize":{"w":65,"h":112}},"img_baccarat_poker_front_6_5.png":{"frame":{"x":1474,"y":228,"w":65,"h":112,"idx":0},"rotated":false,"trimed":false,"spriteSourceSize":{"x":0,"y":0,"w":65,"h":112},"sourceSize":{"w":65,"h":112}},"img_baccarat_poker_front_6_6.png":{"frame":{"x":1541,"y":228,"w":65,"h":112,"idx":0},"rotated":false,"trimed":false,"spriteSourceSize":{"x":0,"y":0,"w":65,"h":112},"sourceSize":{"w":65,"h":112}},"img_baccarat_poker_front_6_7.png":{"frame":{"x":1608,"y":228,"w":65,"h":112,"idx":0},"rotated":false,"trimed":false,"spriteSourceSize":{"x":0,"y":0,"w":65,"h":112},"sourceSize":{"w":65,"h":112}},"img_baccarat_poker_front_6_8.png":{"frame":{"x":1675,"y":228,"w":65,"h":112,"idx":0},"rotated":false,"trimed":false,"spriteSourceSize":{"x":0,"y":0,"w":65,"h":112},"sourceSize":{"w":65,"h":112}},"img_baccarat_poker_front_7_3.png":{"frame":{"x":1742,"y":228,"w":65,"h":112,"idx":0},"rotated":false,"trimed":false,"spriteSourceSize":{"x":0,"y":0,"w":65,"h":112},"sourceSize":{"w":65,"h":112}},"img_baccarat_poker_front_7_4.png":{"frame":{"x":1809,"y":228,"w":65,"h":112,"idx":0},"rotated":false,"trimed":false,"spriteSourceSize":{"x":0,"y":0,"w":65,"h":112},"sourceSize":{"w":65,"h":112}},"img_baccarat_poker_front_7_5.png":{"frame":{"x":1876,"y":228,"w":65,"h":112,"idx":0},"rotated":false,"trimed":false,"spriteSourceSize":{"x":0,"y":0,"w":65,"h":112},"sourceSize":{"w":65,"h":112}},"img_baccarat_poker_front_7_6.png":{"frame":{"x":1943,"y":228,"w":65,"h":112,"idx":0},"rotated":false,"trimed":false,"spriteSourceSize":{"x":0,"y":0,"w":65,"h":112},"sourceSize":{"w":65,"h":112}},"img_baccarat_poker_front_7_7.png":{"frame":{"x":1005,"y":342,"w":65,"h":112,"idx":0},"rotated":false,"trimed":false,"spriteSourceSize":{"x":0,"y":0,"w":65,"h":112},"sourceSize":{"w":65,"h":112}},"img_baccarat_poker_front_7_8.png":{"frame":{"x":1005,"y":456,"w":65,"h":112,"idx":0},"rotated":false,"trimed":false,"spriteSourceSize":{"x":0,"y":0,"w":65,"h":112},"sourceSize":{"w":65,"h":112}},"img_baccarat_poker_front_8_3.png":{"frame":{"x":1005,"y":570,"w":65,"h":112,"idx":0},"rotated":false,"trimed":false,"spriteSourceSize":{"x":0,"y":0,"w":65,"h":112},"sourceSize":{"w":65,"h":112}},"img_baccarat_poker_front_8_4.png":{"frame":{"x":1005,"y":684,"w":65,"h":112,"idx":0},"rotated":false,"trimed":false,"spriteSourceSize":{"x":0,"y":0,"w":65,"h":112},"sourceSize":{"w":65,"h":112}},"img_baccarat_poker_front_8_5.png":{"frame":{"x":1005,"y":798,"w":65,"h":112,"idx":0},"rotated":false,"trimed":false,"spriteSourceSize":{"x":0,"y":0,"w":65,"h":112},"sourceSize":{"w":65,"h":112}},"img_baccarat_poker_front_8_6.png":{"frame":{"x":1005,"y":912,"w":65,"h":112,"idx":0},"rotated":false,"trimed":false,"spriteSourceSize":{"x":0,"y":0,"w":65,"h":112},"sourceSize":{"w":65,"h":112}},"img_baccarat_poker_front_8_7.png":{"frame":{"x":1005,"y":1026,"w":65,"h":112,"idx":0},"rotated":false,"trimed":false,"spriteSourceSize":{"x":0,"y":0,"w":65,"h":112},"sourceSize":{"w":65,"h":112}},"img_baccarat_poker_front_8_8.png":{"frame":{"x":1005,"y":1140,"w":65,"h":112,"idx":0},"rotated":false,"trimed":false,"spriteSourceSize":{"x":0,"y":0,"w":65,"h":112},"sourceSize":{"w":65,"h":112}},"img_baccarat_poker_front_9_3.png":{"frame":{"x":1005,"y":1254,"w":65,"h":112,"idx":0},"rotated":false,"trimed":false,"spriteSourceSize":{"x":0,"y":0,"w":65,"h":112},"sourceSize":{"w":65,"h":112}},"img_baccarat_poker_front_9_4.png":{"frame":{"x":1005,"y":1368,"w":65,"h":112,"idx":0},"rotated":false,"trimed":false,"spriteSourceSize":{"x":0,"y":0,"w":65,"h":112},"sourceSize":{"w":65,"h":112}},"img_baccarat_poker_front_9_5.png":{"frame":{"x":1005,"y":1482,"w":65,"h":112,"idx":0},"rotated":false,"trimed":false,"spriteSourceSize":{"x":0,"y":0,"w":65,"h":112},"sourceSize":{"w":65,"h":112}},"img_baccarat_poker_front_9_6.png":{"frame":{"x":1005,"y":1596,"w":65,"h":112,"idx":0},"rotated":false,"trimed":false,"spriteSourceSize":{"x":0,"y":0,"w":65,"h":112},"sourceSize":{"w":65,"h":112}},"img_baccarat_poker_front_9_7.png":{"frame":{"x":1005,"y":1710,"w":65,"h":112,"idx":0},"rotated":false,"trimed":false,"spriteSourceSize":{"x":0,"y":0,"w":65,"h":112},"sourceSize":{"w":65,"h":112}},"img_baccarat_poker_front_9_8.png":{"frame":{"x":1005,"y":1824,"w":65,"h":112,"idx":0},"rotated":false,"trimed":false,"spriteSourceSize":{"x":0,"y":0,"w":65,"h":112},"sourceSize":{"w":65,"h":112}},"shuffle_1.png":{"frame":{"x":1072,"y":342,"w":687,"h":352,"idx":0},"rotated":false,"trimed":false,"spriteSourceSize":{"x":0,"y":0,"w":687,"h":352},"sourceSize":{"w":687,"h":352}},"shuffle_10.png":{"frame":{"x":1072,"y":696,"w":687,"h":352,"idx":0},"rotated":false,"trimed":false,"spriteSourceSize":{"x":0,"y":0,"w":687,"h":352},"sourceSize":{"w":687,"h":352}},"shuffle_11.png":{"frame":{"x":1072,"y":1050,"w":687,"h":352,"idx":0},"rotated":false,"trimed":false,"spriteSourceSize":{"x":0,"y":0,"w":687,"h":352},"sourceSize":{"w":687,"h":352}},"shuffle_12.png":{"frame":{"x":1072,"y":1404,"w":687,"h":352,"idx":0},"rotated":false,"trimed":false,"spriteSourceSize":{"x":0,"y":0,"w":687,"h":352},"sourceSize":{"w":687,"h":352}},"shuffle_13.png":{"frame":{"x":0,"y":0,"w":687,"h":352,"idx":1},"rotated":false,"trimed":false,"spriteSourceSize":{"x":0,"y":0,"w":687,"h":352},"sourceSize":{"w":687,"h":352}},"shuffle_14.png":{"frame":{"x":689,"y":0,"w":687,"h":352,"idx":1},"rotated":false,"trimed":false,"spriteSourceSize":{"x":0,"y":0,"w":687,"h":352},"sourceSize":{"w":687,"h":352}},"shuffle_15.png":{"frame":{"x":0,"y":354,"w":687,"h":352,"idx":1},"rotated":false,"trimed":false,"spriteSourceSize":{"x":0,"y":0,"w":687,"h":352},"sourceSize":{"w":687,"h":352}},"shuffle_16.png":{"frame":{"x":689,"y":354,"w":687,"h":352,"idx":1},"rotated":false,"trimed":false,"spriteSourceSize":{"x":0,"y":0,"w":687,"h":352},"sourceSize":{"w":687,"h":352}},"shuffle_2.png":{"frame":{"x":0,"y":708,"w":687,"h":352,"idx":1},"rotated":false,"trimed":false,"spriteSourceSize":{"x":0,"y":0,"w":687,"h":352},"sourceSize":{"w":687,"h":352}},"shuffle_3.png":{"frame":{"x":689,"y":708,"w":687,"h":352,"idx":1},"rotated":false,"trimed":false,"spriteSourceSize":{"x":0,"y":0,"w":687,"h":352},"sourceSize":{"w":687,"h":352}},"shuffle_4.png":{"frame":{"x":0,"y":1062,"w":687,"h":352,"idx":1},"rotated":false,"trimed":false,"spriteSourceSize":{"x":0,"y":0,"w":687,"h":352},"sourceSize":{"w":687,"h":352}},"shuffle_5.png":{"frame":{"x":0,"y":1416,"w":687,"h":352,"idx":1},"rotated":false,"trimed":false,"spriteSourceSize":{"x":0,"y":0,"w":687,"h":352},"sourceSize":{"w":687,"h":352}},"shuffle_6.png":{"frame":{"x":689,"y":1062,"w":687,"h":352,"idx":1},"rotated":false,"trimed":false,"spriteSourceSize":{"x":0,"y":0,"w":687,"h":352},"sourceSize":{"w":687,"h":352}},"shuffle_7.png":{"frame":{"x":689,"y":1416,"w":687,"h":352,"idx":1},"rotated":false,"trimed":false,"spriteSourceSize":{"x":0,"y":0,"w":687,"h":352},"sourceSize":{"w":687,"h":352}},"shuffle_8.png":{"frame":{"x":0,"y":0,"w":687,"h":352,"idx":2},"rotated":false,"trimed":false,"spriteSourceSize":{"x":0,"y":0,"w":687,"h":352},"sourceSize":{"w":687,"h":352}},"shuffle_9.png":{"frame":{"x":0,"y":354,"w":687,"h":352,"idx":2},"rotated":false,"trimed":false,"spriteSourceSize":{"x":0,"y":0,"w":687,"h":352},"sourceSize":{"w":687,"h":352}}},"meta":{"app":"http://www.layabox.com","prefix":"cardMC/","version":"1.0","image":"cardMC.png,cardMC2.png,cardMC3.png","format":"","size":{"w":1024,"h":1024},"scale":"1"}}