﻿{"frames":{"btn_yijianfankui.png":{"frame":{"x":0,"y":0,"w":33,"h":332,"idx":0},"rotated":false,"trimed":false,"spriteSourceSize":{"x":0,"y":0,"w":33,"h":332},"sourceSize":{"w":33,"h":332}},"img_chip_light_1.png":{"frame":{"x":0,"y":334,"w":67,"h":69,"idx":0},"rotated":false,"trimed":false,"spriteSourceSize":{"x":0,"y":0,"w":67,"h":69},"sourceSize":{"w":67,"h":69}},"img_chip_light_10.png":{"frame":{"x":0,"y":405,"w":67,"h":69,"idx":0},"rotated":false,"trimed":false,"spriteSourceSize":{"x":0,"y":0,"w":67,"h":69},"sourceSize":{"w":67,"h":69}},"img_chip_light_100.png":{"frame":{"x":35,"y":0,"w":67,"h":69,"idx":0},"rotated":false,"trimed":false,"spriteSourceSize":{"x":0,"y":0,"w":67,"h":69},"sourceSize":{"w":67,"h":69}},"img_chip_light_1000.png":{"frame":{"x":35,"y":71,"w":67,"h":69,"idx":0},"rotated":false,"trimed":false,"spriteSourceSize":{"x":0,"y":0,"w":67,"h":69},"sourceSize":{"w":67,"h":69}},"img_chip_light_10000.png":{"frame":{"x":35,"y":142,"w":67,"h":69,"idx":0},"rotated":false,"trimed":false,"spriteSourceSize":{"x":0,"y":0,"w":67,"h":69},"sourceSize":{"w":67,"h":69}},"img_chip_light_5.png":{"frame":{"x":35,"y":213,"w":67,"h":69,"idx":0},"rotated":false,"trimed":false,"spriteSourceSize":{"x":0,"y":0,"w":67,"h":69},"sourceSize":{"w":67,"h":69}},"img_chip_light_50.png":{"frame":{"x":69,"y":284,"w":67,"h":69,"idx":0},"rotated":false,"trimed":false,"spriteSourceSize":{"x":0,"y":0,"w":67,"h":69},"sourceSize":{"w":67,"h":69}},"img_chip_light_500.png":{"frame":{"x":69,"y":355,"w":67,"h":69,"idx":0},"rotated":false,"trimed":false,"spriteSourceSize":{"x":0,"y":0,"w":67,"h":69},"sourceSize":{"w":67,"h":69}},"img_chip_light_5000.png":{"frame":{"x":69,"y":426,"w":67,"h":69,"idx":0},"rotated":false,"trimed":false,"spriteSourceSize":{"x":0,"y":0,"w":67,"h":69},"sourceSize":{"w":67,"h":69}},"img_chip_light_50000.png":{"frame":{"x":104,"y":0,"w":67,"h":69,"idx":0},"rotated":false,"trimed":false,"spriteSourceSize":{"x":0,"y":0,"w":67,"h":69},"sourceSize":{"w":67,"h":69}},"img_gxwc.png":{"frame":{"x":104,"y":71,"w":173,"h":27,"idx":0},"rotated":false,"trimed":false,"spriteSourceSize":{"x":0,"y":0,"w":173,"h":27},"sourceSize":{"w":173,"h":27}},"img_hyjr.png":{"frame":{"x":173,"y":0,"w":265,"h":59,"idx":0},"rotated":false,"trimed":false,"spriteSourceSize":{"x":0,"y":0,"w":265,"h":59},"sourceSize":{"w":265,"h":59}},"img_mask.png":{"frame":{"x":104,"y":100,"w":50,"h":50,"idx":0},"rotated":false,"trimed":false,"spriteSourceSize":{"x":0,"y":0,"w":50,"h":50},"sourceSize":{"w":50,"h":50}},"img_xsydkuang.png":{"frame":{"x":440,"y":0,"w":419,"h":228,"idx":0},"rotated":false,"trimed":false,"spriteSourceSize":{"x":0,"y":0,"w":419,"h":228},"sourceSize":{"w":419,"h":228}},"img_ydtankuang.png":{"frame":{"x":138,"y":230,"w":367,"h":203,"idx":0},"rotated":false,"trimed":false,"spriteSourceSize":{"x":0,"y":0,"w":367,"h":203},"sourceSize":{"w":367,"h":203}}},"meta":{"app":"http://www.layabox.com","prefix":"light/","version":"1.0","image":"light.png","format":"","size":{"w":1024,"h":512},"scale":"1"}}