﻿{"frames":{"progress$bar.png":{"frame":{"x":0,"y":0,"w":187,"h":7,"idx":0},"rotated":false,"trimed":false,"spriteSourceSize":{"x":0,"y":0,"w":187,"h":7},"sourceSize":{"w":187,"h":7}},"progress.png":{"frame":{"x":0,"y":9,"w":379,"h":9,"idx":0},"rotated":false,"trimed":false,"spriteSourceSize":{"x":0,"y":0,"w":379,"h":9},"sourceSize":{"w":379,"h":9}}},"meta":{"app":"http://www.layabox.com","prefix":"loading/","version":"1.0","image":"loading.png","format":"","size":{"w":512,"h":32},"scale":"1"}}