{"message":[{"cmdName":"CsLogin","cmdType":"10000"},{"cmdName":"ScLoginReturn","cmdType":"10001"},{"cmdName":"CsLogout","cmdType":"10002"},{"cmdName":"CsHeart","cmdType":"10003"},{"cmdName":"ScHeart","cmdType":"10004"},{"cmdName":"ScKickOut","cmdType":"10005"},{"cmdName":"CsChangeInfo","cmdType":"10007"},{"cmdName":"ScChangeInfoRet","cmdType":"10008"},{"cmdName":"ScNotifyChangeInfo","cmdType":"10009"},{"cmdName":"CsChangeTable","cmdType":"10011"},{"cmdName":"ScChangeTableRet","cmdType":"10012"},{"cmdName":"ScBaccaratNotifyBetLimit","cmdType":"10100"},{"cmdName":"ScBaccaratNotifyBet","cmdType":"10101"},{"cmdName":"CsBaccaratPlayerBetAction","cmdType":"10102"},{"cmdName":"ScBaccaratPlayerBetActionReturn","cmdType":"10103"},{"cmdName":"ScBaccaratNotifyCard","cmdType":"10112"},{"cmdName":"ScBaccaratNotifyGameResultInfo","cmdType":"10113"},{"cmdName":"ScBaccaratNotifyBetInfo","cmdType":"10114"},{"cmdName":"ScBaccaratNotifyGameInfo","cmdType":"10116"},{"cmdName":"CsBaccaratRequestHistory","cmdType":"10120"},{"cmdName":"ScBaccaratReplyHistory","cmdType":"10121"}]}