﻿{"frames":{"10.png":{"frame":{"x":0,"y":0,"w":125,"h":131,"idx":0},"rotated":false,"trimed":true,"spriteSourceSize":{"x":13,"y":0,"w":138,"h":147},"sourceSize":{"w":138,"h":147}},"12.png":{"frame":{"x":0,"y":133,"w":125,"h":131,"idx":0},"rotated":false,"trimed":true,"spriteSourceSize":{"x":13,"y":0,"w":138,"h":147},"sourceSize":{"w":138,"h":147}},"14.png":{"frame":{"x":0,"y":266,"w":125,"h":131,"idx":0},"rotated":false,"trimed":true,"spriteSourceSize":{"x":13,"y":0,"w":138,"h":147},"sourceSize":{"w":138,"h":147}},"16.png":{"frame":{"x":127,"y":0,"w":125,"h":131,"idx":0},"rotated":false,"trimed":true,"spriteSourceSize":{"x":13,"y":0,"w":138,"h":147},"sourceSize":{"w":138,"h":147}},"18.png":{"frame":{"x":254,"y":0,"w":123,"h":125,"idx":0},"rotated":false,"trimed":true,"spriteSourceSize":{"x":13,"y":6,"w":138,"h":147},"sourceSize":{"w":138,"h":147}},"2.png":{"frame":{"x":254,"y":127,"w":138,"h":146,"idx":0},"rotated":false,"trimed":true,"spriteSourceSize":{"x":0,"y":0,"w":138,"h":147},"sourceSize":{"w":138,"h":147}},"20.png":{"frame":{"x":379,"y":0,"w":118,"h":116,"idx":0},"rotated":false,"trimed":true,"spriteSourceSize":{"x":13,"y":15,"w":138,"h":147},"sourceSize":{"w":138,"h":147}},"22.png":{"frame":{"x":394,"y":118,"w":113,"h":108,"idx":0},"rotated":false,"trimed":true,"spriteSourceSize":{"x":13,"y":23,"w":138,"h":147},"sourceSize":{"w":138,"h":147}},"24.png":{"frame":{"x":394,"y":228,"w":108,"h":99,"idx":0},"rotated":false,"trimed":true,"spriteSourceSize":{"x":13,"y":32,"w":138,"h":147},"sourceSize":{"w":138,"h":147}},"4.png":{"frame":{"x":127,"y":133,"w":125,"h":131,"idx":0},"rotated":false,"trimed":true,"spriteSourceSize":{"x":13,"y":0,"w":138,"h":147},"sourceSize":{"w":138,"h":147}},"6.png":{"frame":{"x":127,"y":266,"w":111,"h":112,"idx":0},"rotated":false,"trimed":true,"spriteSourceSize":{"x":27,"y":34,"w":138,"h":147},"sourceSize":{"w":138,"h":147}},"8.png":{"frame":{"x":240,"y":275,"w":125,"h":131,"idx":0},"rotated":false,"trimed":true,"spriteSourceSize":{"x":13,"y":0,"w":138,"h":147},"sourceSize":{"w":138,"h":147}}},"meta":{"app":"http://www.layabox.com","prefix":"/","version":"1.0","image":"fapai1.png","format":"","size":{"w":512,"h":512},"scale":"1"}}