﻿{"frames":{"10.png":{"frame":{"x":0,"y":0,"w":116,"h":98,"idx":0},"rotated":false,"trimed":true,"spriteSourceSize":{"x":9,"y":35,"w":138,"h":146},"sourceSize":{"w":138,"h":146}},"12.png":{"frame":{"x":118,"y":0,"w":116,"h":103,"idx":0},"rotated":false,"trimed":true,"spriteSourceSize":{"x":9,"y":30,"w":138,"h":146},"sourceSize":{"w":138,"h":146}},"14.png":{"frame":{"x":0,"y":100,"w":116,"h":109,"idx":0},"rotated":false,"trimed":true,"spriteSourceSize":{"x":9,"y":24,"w":138,"h":146},"sourceSize":{"w":138,"h":146}},"16.png":{"frame":{"x":236,"y":0,"w":116,"h":115,"idx":0},"rotated":false,"trimed":true,"spriteSourceSize":{"x":9,"y":18,"w":138,"h":146},"sourceSize":{"w":138,"h":146}},"18.png":{"frame":{"x":118,"y":105,"w":116,"h":121,"idx":0},"rotated":false,"trimed":true,"spriteSourceSize":{"x":9,"y":12,"w":138,"h":146},"sourceSize":{"w":138,"h":146}},"2.png":{"frame":{"x":354,"y":0,"w":138,"h":87,"idx":0},"rotated":false,"trimed":true,"spriteSourceSize":{"x":0,"y":34,"w":138,"h":146},"sourceSize":{"w":138,"h":146}},"20.png":{"frame":{"x":0,"y":211,"w":116,"h":127,"idx":0},"rotated":false,"trimed":true,"spriteSourceSize":{"x":9,"y":6,"w":138,"h":146},"sourceSize":{"w":138,"h":146}},"22.png":{"frame":{"x":354,"y":89,"w":116,"h":133,"idx":0},"rotated":false,"trimed":true,"spriteSourceSize":{"x":9,"y":0,"w":138,"h":146},"sourceSize":{"w":138,"h":146}},"4.png":{"frame":{"x":236,"y":117,"w":115,"h":80,"idx":0},"rotated":false,"trimed":true,"spriteSourceSize":{"x":10,"y":53,"w":138,"h":146},"sourceSize":{"w":138,"h":146}},"6.png":{"frame":{"x":236,"y":199,"w":116,"h":86,"idx":0},"rotated":false,"trimed":true,"spriteSourceSize":{"x":9,"y":47,"w":138,"h":146},"sourceSize":{"w":138,"h":146}},"8.png":{"frame":{"x":118,"y":228,"w":116,"h":92,"idx":0},"rotated":false,"trimed":true,"spriteSourceSize":{"x":9,"y":41,"w":138,"h":146},"sourceSize":{"w":138,"h":146}}},"meta":{"app":"http://www.layabox.com","prefix":"/","version":"1.0","image":"fapaiqi2.png","format":"","size":{"w":512,"h":512},"scale":"1"}}