{"message":[{"cmdName":"CsLogin","cmdType":"10000"},{"cmdName":"ScLoginReturn","cmdType":"10001"},{"cmdName":"CsLogout","cmdType":"10002"},{"cmdName":"CsHeart","cmdType":"10003"},{"cmdName":"ScHeart","cmdType":"10004"},{"cmdName":"ScKickOut","cmdType":"10005"},{"cmdName":"ScBlackJackNotifyBetLimit","cmdType":"10700"},{"cmdName":"ScBlackJackNotifyStartBet","cmdType":"10701"},{"cmdName":"CsBlackJackBetAction","cmdType":"10702"},{"cmdName":"ScBlackJackBetActionReturn","cmdType":"10703"},{"cmdName":"ScBlackJackNotifyPlayerBet","cmdType":"10704"},{"cmdName":"ScBlackJackNotifyPlayerLogin","cmdType":"10208"},{"cmdName":"ScBlackJackNotifyPlayerLogout","cmdType":"10209"}]}