{"message":[{"cmdName":"CsLogin","cmdType":"10000"},{"cmdName":"ScLoginReturn","cmdType":"10001"},{"cmdName":"CsLogout","cmdType":"10002"},{"cmdName":"CsHeart","cmdType":"10003"},{"cmdName":"ScHeart","cmdType":"10004"},{"cmdName":"ScKickOut","cmdType":"10005"},{"cmdName":"ScBlackJackNotifyBetLimit","cmdType":"10700"},{"cmdName":"ScBlackJackNotifyStartBet","cmdType":"10701"},{"cmdName":"CsBlackJackBetAction","cmdType":"10702"},{"cmdName":"ScBlackJackBetActionReturn","cmdType":"10703"},{"cmdName":"ScBlackJackNotifyPlayerBet","cmdType":"10704"},{"cmdName":"ScBlackJackNotifyPlayerLogin","cmdType":"10208"},{"cmdName":"ScBlackJackNotifyPlayerLogout","cmdType":"10209"},{"cmdName":"ScBlackJackNotifyBetLimit","cmdType":"10700"},{"cmdName":"ScBlackJackNotifyStartBet","cmdType":"10701"},{"cmdName":"CsBlackJackBetAction","cmdType":"10702"},{"cmdName":"ScBlackJackBetActionReturn","cmdType":"10703"},{"cmdName":"ScBlackJackNotifyPlayerBet","cmdType":"10704"},{"cmdName":"CsBlackJackCancelBet","cmdType":"10705"},{"cmdName":"ScBlackJackCancelBetReturn","cmdType":"10706"},{"cmdName":"ScBlackJackNotifyCancelBet","cmdType":"10707"},{"cmdName":"ScBlackJackNotifyPlayerLogin","cmdType":"10708"},{"cmdName":"ScBlackJackNotifyPlayerLogout","cmdType":"10709"},{"cmdName":"ScBlackJackNotifyPosition","cmdType":"10710"},{"cmdName":"ScBlackJackNotifyCard","cmdType":"10712"},{"cmdName":"ScBlackJackNotifyResult","cmdType":"10713"},{"cmdName":"ScBlackJackStartAction","cmdType":"10725"},{"cmdName":"CsBlackJackPlayerAction","cmdType":"10726"},{"cmdName":"ScBlackJackPlayerActionRet","cmdType":"10727"},{"cmdName":"ScBlackJackNotifyPlayerAction","cmdType":"10728"},{"cmdName":"ScBlackJackNotifyBust","cmdType":"10729"}]}