<?xml version="1.0" encoding="utf-8" ?>
<versionConfig>
	<item version="1.0.69"/>
	<item id="0" url="res/protobuf/Platform.proto" />
	<item id="1" url="res/protobuf/Baccarat.proto" />
	<item id="2" url="res/protobuf/message.json" />
	<item id="3" url="res/atlas/loading.json" />
	<item id="4" url="res/ipconfig.xml" />
	
	<item id="7" url="res/atlas/baccaratBanker.json"/> 
	<item id="8" url="res/atlas/cardMC.json"/> 
	<item id="9" url="res/sound/casinoEnv.mp3"/> 
	<item id="10" url="res/sound/chipToPlayer.mp3"/> 
	<item id="11" url="res/sound/chipToTable.mp3"/> 
	
	
	<item id="12" url="baccaratBanker/~img_bg.jpg"/> 
	<item id="13" url="baccaratBanker/~img_rules.jpg"/> 
	<item id="14" url="baccaratBanker/~img_setting.jpg"/> 
	<item id="15" url="baccaratBanker/~ludan_bg.jpg"/> 
	<item id="16" url="loading/~loading.jpg"/> 
	
	<item id="17" url="res/swf/fapai1.swf"/> 
	<item id="18" url="res/swf/fapai1.json"/> 
	<item id="19" url="res/swf/fapai1.png"/> 
	
	<item id="20" url="res/swf/fapaiqi2.swf"/> 
	<item id="21" url="res/swf/fapaiqi2.json"/> 
	<item id="22" url="res/swf/fapaiqi2.png"/> 
	
	<item id="23" url="res/atlas/light.json"/> 
	
	<item id="24" url="res/swf/xiaoshou.swf"/> 
	<item id="25" url="res/swf/xiaoshou.json"/> 
	<item id="26" url="res/swf/xiaoshou.png"/> 
	
	<item id="27" url="res/sound/xiu.mp3"/> 
	<item id="28" url="res/sound/show_card.mp3"/> 
	<item id="29" url="res/sound/bet_success.mp3"/> 
	<item id="30" url="res/sound/chipToDealer.mp3"/> 
	
	<item id="31" url="res/atlas/bigCards.json"/> 
	
	<item id="32" url="baccaratBanker/~img_history.jpg"/> 
	
</versionConfig>